# Pathway	DM001.concat_Coverage	DM002.concat_Coverage	DM004.concat_Coverage	DM007.concat_Coverage	DM008.concat_Coverage	DM019.concat_Coverage	DM025.concat_Coverage	DM046.concat_Coverage	DM051.concat_Coverage	DM055.concat_Coverage	DM057.concat_Coverage	DM063.concat_Coverage	DM065.concat_Coverage	DM074.concat_Coverage	DM087.concat_Coverage	DM093.concat_Coverage	LG001.concat_Coverage	LG006.concat_Coverage	LG023.concat_Coverage	LG025.concat_Coverage	LG026.concat_Coverage	LG030.concat_Coverage	LG034.concat_Coverage	LG038.concat_Coverage	LG043.concat_Coverage	LG045.concat_Coverage	LG046.concat_Coverage	LG049.concat_Coverage	LG050.concat_Coverage	LG052.concat_Coverage
UNMAPPED	1.0000000000	1.0000000000	1.0000000000	1.0000000000	1.0000000000	1.0000000000	1.0000000000	1.0000000000	1.0000000000	1.0000000000	1.0000000000	1.0000000000	1.0000000000	1.0000000000	1.0000000000	1.0000000000	1.0000000000	1.0000000000	1.0000000000	1.0000000000	1.0000000000	1.0000000000	1.0000000000	1.0000000000	1.0000000000	1.0000000000	1.0000000000	1.0000000000	1.0000000000	1.0000000000
UNINTEGRATED	1.0000000000	1.0000000000	1.0000000000	1.0000000000	1.0000000000	1.0000000000	1.0000000000	1.0000000000	1.0000000000	1.0000000000	1.0000000000	1.0000000000	1.0000000000	1.0000000000	1.0000000000	1.0000000000	1.0000000000	1.0000000000	1.0000000000	1.0000000000	1.0000000000	1.0000000000	1.0000000000	1.0000000000	1.0000000000	1.0000000000	1.0000000000	1.0000000000	1.0000000000	1.0000000000
UNINTEGRATED|g__Bacteroides.s__Bacteroides_dorei	1.0000000000	1.0000000000	1.0000000000	1.0000000000	1.0000000000	1.0000000000	1.0000000000	1.0000000000	1.0000000000	1.0000000000	0	1.0000000000	1.0000000000	1.0000000000	1.0000000000	1.0000000000	1.0000000000	0	1.0000000000	0	1.0000000000	1.0000000000	1.0000000000	1.0000000000	1.0000000000	1.0000000000	1.0000000000	0	1.0000000000	1.0000000000
UNINTEGRATED|g__Bacteroides.s__Bacteroides_vulgatus	1.0000000000	1.0000000000	1.0000000000	1.0000000000	1.0000000000	1.0000000000	1.0000000000	1.0000000000	1.0000000000	1.0000000000	0	1.0000000000	1.0000000000	1.0000000000	1.0000000000	1.0000000000	1.0000000000	0	1.0000000000	0	1.0000000000	1.0000000000	1.0000000000	1.0000000000	1.0000000000	1.0000000000	1.0000000000	0	1.0000000000	1.0000000000
1CMET2-PWY: folate transformations III (E. coli)	0.3913134855	0.2309708189	0.0235287779	0	0.1813294089	0.1676452157	0.3370226080	0	0.1593607369	0.5951825475	0	0.4433247467	0.0397371245	0.3493321095	0.0158329350	0.0427309129	0.0001756232	0	0.2202634138	0	0.0000018465	0.0615534473	0.0595909871	0.0288231203	0.0000000000	0.0407344811	0.0000000549	0	0.0387721117	0.1163000906
1CMET2-PWY: folate transformations III (E. coli)|g__Bacteroides.s__Bacteroides_dorei	0.2758514925	0	0	0	0	0	0.5091660298	0	0	0	0	0	0	0	0.0005803652	0.0010754867	0.0000039738	0	0	0	0.0000144034	0.0056697729	0.0000000496	0.0002606789	0	0.0000000354	0.0000000000	0	0	0
1CMET2-PWY: folate transformations III (E. coli)|g__Bacteroides.s__Bacteroides_vulgatus	0.1978913135	0.3892908388	0.1264656867	0	0.2141605368	0.3796178802	0.2062384749	0	0.4257674494	0.6855725191	0	0.5881864037	0.0984541483	0.4902173426	0.2257111183	0.0000005751	0.0018854941	0	0.2411391964	0	0.0017241129	0.4212885504	0.1402296401	0.0127843190	0.0000000090	0.0441609938	0.0043898666	0	0.3751924355	0.2780553457
ARGININE-SYN4-PWY: L-ornithine biosynthesis II	0.5054313029	0.3842399556	0.3820005852	0.1539189159	0.7386927281	0.4866162848	0.3777512943	0.1815759446	0.2709582620	0.4591101448	0	0.5985252386	0.6370228615	0.3737994854	0.4224901531	0.6384803766	0.6014564057	0	0.3758097650	0	0.7029365882	0.4912766352	0.3990605276	0.1656240059	0.5657493007	0.5612626963	0.2138787923	0	0.5075332739	0.4951225969
ARGININE-SYN4-PWY: L-ornithine biosynthesis II|g__Bacteroides.s__Bacteroides_dorei	0.3284422457	0	0.0131845461	0.4968698264	0.0053952292	0.0080070922	0.5655329983	0	0.0000000764	0	0	0.1621595385	0.0509389862	0	0.4101643732	0.0998676237	0.1777818440	0	0	0	0.0180242148	0.1813850609	0.1177554282	0.0153578815	0.0000000000	0.2270534182	0.0000000000	0	0.0000002380	0.2487722583
ARGININE-SYN4-PWY: L-ornithine biosynthesis II|g__Bacteroides.s__Bacteroides_vulgatus	0.6084522716	0.5401375789	0.6228880209	0.0124396948	0.8541851236	0.5726252891	0.4078631859	0.2515690659	0.3284125176	0.5713299499	0	0.6635447041	0.7911132246	0.4528863642	0.4186289264	0.1672746617	0.5852535515	0	0.3804595896	0	0.9662611272	0.7856662127	0.5891869704	0.0030245043	0.9992417923	0.7135141283	0.9791691773	0	0.8975990617	0.5673682891
ARO-PWY: chorismate biosynthesis I	0.0439038086	0.1719459425	0.0916341104	0	0.1374431433	0.1733712178	0	0	0.0057225717	0.0095487177	0	0.0034190944	0.1080444492	0.0185487609	0.0196276432	0.0070044605	0.0027054661	0	0	0	0.0066762708	0.0778722523	0.0965697286	0.0470415660	0.0000000000	0.0780867368	0.0000008791	0	0.0000000383	0.3859609786
ARO-PWY: chorismate biosynthesis I|g__Bacteroides.s__Bacteroides_dorei	0.0207618961	0	0	0	0.0000000030	0	0	0	0	0	0	0	0	0	0.0438933202	0.0067827378	0	0	0	0	0.1257466619	0.0032840497	0.0000001102	0.0443848785	0.0000000000	0.0299894218	0.0000000000	0	0	0
ARO-PWY: chorismate biosynthesis I|g__Bacteroides.s__Bacteroides_vulgatus	0.0787847735	0.3202474162	0.2365368866	0	0.2049566305	0.0514735624	0	0	0.0464640921	0.0239347198	0	0.0043253942	0.2096575969	0.0106508967	0.1118424754	0.0004155962	0.0302861407	0	0	0	0.0121883686	0.5191831558	0.0884786610	0.0000138450	0.0000000000	0.0883336034	0.0000860356	0	0.0000012562	0.5742970737
ASPASN-PWY: superpathway of L-aspartate and L-asparagine biosynthesis	0.1184154030	0.0846749834	0.3169305635	0.5125370674	0.1065492655	0.3141074543	0.2915612936	0.2763972727	0.0001989119	0.5737795884	0	0.3618863525	0.0564216562	0.1307335680	0.0018362545	0.0309175505	0.0038841473	0	0.3415171636	0	0.0112449649	0.0357245399	0.0058509410	0.0000716473	0.0000000000	0.4236857957	0.0000000000	0	0.0001608392	0.3128747232
ASPASN-PWY: superpathway of L-aspartate and L-asparagine biosynthesis|g__Bacteroides.s__Bacteroides_dorei	0.2586898782	0.0140532356	0	0.4388382169	0.0000000114	0.0052480421	0.4074147883	0	0.0000000002	0.0745644810	0	0.5613316729	0.0145678063	0	0.1061942258	0.0023368184	0.0109426573	0	0	0	0.0112005330	0.6505282621	0.0002734843	0.0007823489	0.0000000000	0.3240238797	0.0000000000	0	0.0000000002	0.0827174834
ASPASN-PWY: superpathway of L-aspartate and L-asparagine biosynthesis|g__Bacteroides.s__Bacteroides_vulgatus	0.1850254030	0.0985823376	0.4660413648	0.4775931178	0.3077377502	0.4892649397	0.3326741751	0.3271686799	0.0120748012	0.6608045032	0	0.4294232316	0.1731992822	0.2002264974	0.0092758971	0.0007670978	0.0469652455	0	0.3370439127	0	0.2051309523	0.2795624718	0.0664884899	0.0000040946	0.0000014343	0.5189430592	0.0000003415	0	0.0159286422	0.0862455899
BIOTIN-BIOSYNTHESIS-PWY: biotin biosynthesis I	0.0000000000	0	0	0	0.0000000000	0.0000000000	0	0	0.0000000000	0.0000000421	0	0.0000007870	0.0000000000	0	0	0.0000000000	0.0000000000	0	0	0	0.0000000000	0.0000000000	0.0000000000	0.0000000000	0.0000000000	0.0000000000	0	0	0.0000000000	0.0000000000
BIOTIN-BIOSYNTHESIS-PWY: biotin biosynthesis I|g__Bacteroides.s__Bacteroides_vulgatus	0.0000000000	0	0	0	0.0000000000	0.0000000000	0	0	0.0000000000	0.0000003046	0	0.0000243779	0.0000000000	0	0	0.0000156185	0.0000000000	0	0	0	0.0000000000	0.0000000000	0.0000000000	0.0000187306	0.0000000000	0.0000000000	0	0	0.0000000000	0.0000000001
COA-PWY-1: superpathway of coenzyme A biosynthesis III (mammals)	0.0694444766	0.0246808733	0.0295281977	0	0.0055677224	0.0008211010	0.3170214861	0	0.0113071533	0.0001677632	0	0.2434336858	0.0629442530	0.2685617484	0.0003922806	0.0000001076	0.0014935538	0	0.3502594395	0	0.0033380645	0.0601354306	0.0090349625	0.0000000031	0.0000000000	0.2404931097	0.0000000000	0	0.0000441665	0.0869018771
COA-PWY-1: superpathway of coenzyme A biosynthesis III (mammals)|g__Bacteroides.s__Bacteroides_dorei	0.0405094051	0	0	0	0	0	0.4046176526	0	0	0	0	0	0	0	0.1365845687	0.0000000428	0	0	0	0	0.0166573135	0.1998493140	0.0000000000	0.0000000000	0	0.0009135085	0.0000000000	0	0	0
COA-PWY-1: superpathway of coenzyme A biosynthesis III (mammals)|g__Bacteroides.s__Bacteroides_vulgatus	0.1825999408	0.0010719585	0.0806407244	0	0.0000000168	0.0000014470	0.3922841572	0	0.0000005382	0.0000378723	0	0.0572535084	0.0503126092	0.0834984033	0.0000015781	0.0000005741	0.0000000014	0	0.0357481802	0	0.0000000526	0.0093934108	0.0005070970	0.0014887757	0.0000000000	0.0240828377	0.0000000000	0	0.0000000315	0.0806027988
COA-PWY: coenzyme A biosynthesis I (prokaryotic)	0.1930325845	0.0853501706	0.0429680015	0.5213570935	0.1276385427	0.5640927384	0.3612317379	0	0.0091740316	0.1192824489	0	0.2151642152	0.0531365321	0.2324362581	0.0179274638	0.0032674958	0.0242870740	0	0.5759439508	0	0.0027563411	0.0526283367	0.0091546469	0.0002418748	0.0000000000	0.2822700340	0.0000053381	0	0.0000860180	0.2464002602
COA-PWY: coenzyme A biosynthesis I (prokaryotic)|g__Bacteroides.s__Bacteroides_dorei	0.1978604257	0.3569961586	0.0496162669	0	0.2806416976	0.5078446860	0.4896031936	0	0.0058627079	0.5198866602	0	0.3794466355	0.6668321445	0.4227027209	0.1132635026	0.0073873221	0.0753457314	0	0	0	0.0228983662	0.2813310533	0.2636072794	0.0023119847	0.0044523455	0.3823381128	0.0000000000	0	0.0000040360	0
COA-PWY: coenzyme A biosynthesis I (prokaryotic)|g__Bacteroides.s__Bacteroides_vulgatus	0.3009902451	0.0971983129	0.1054434508	0.4154616750	0.1338003772	0.6160389240	0.3945175911	0	0.0469697382	0.1057369572	0	0.2631009962	0.0411672529	0.1399254374	0.0809818360	0.0202576783	0.0691563633	0	0.5987947557	0	0.0381559180	0.1020462795	0.0099901112	0.0012136023	0.0000000000	0.3319438124	0.0167501658	0	0.0031830532	0.4278089415
DTDPRHAMSYN-PWY: dTDP-&beta;-L-rhamnose biosynthesis	1.0000000000	0.1714755128	0.5040688251	0	0.9999999953	0.1810568667	0.9514937339	0.9990177373	1.0000000000	0.9994643084	0	0.9308611772	0.9999997828	0.9833478791	0.9999999998	1.0000000000	1.0000000000	0	0.1287773892	0	1.0000000000	1.0000000000	1.0000000000	1.0000000000	0.0000064131	0.4427485454	0.0000000032	0	1.0000000000	0.9644102036
DTDPRHAMSYN-PWY: dTDP-&beta;-L-rhamnose biosynthesis|g__Bacteroides.s__Bacteroides_dorei	1.0000000000	0	0.1983375930	0	0.5706237979	0	0.7716557902	0	0.9999987226	0.9945788220	0	0.7354582165	0.9999999942	0.9941866042	0.9999999524	0.9988394866	1.0000000000	0	0	0	1.0000000000	1.0000000000	1.0000000000	0.9973293671	0.0080910191	0.0607987854	0.0000000000	0	1.0000000000	0.9880387275
DTDPRHAMSYN-PWY: dTDP-&beta;-L-rhamnose biosynthesis|g__Bacteroides.s__Bacteroides_vulgatus	1.0000000000	0.2142781887	0.5158924785	0	0.9999948672	0.3000925442	0.5591830688	0.9994472325	0.9999998646	0.9875768628	0	0.7948816296	0.8870989014	0.8875227924	0.9999010254	1.0000000000	0.9999921745	0	0.0692567672	0	0.9995907822	1.0000000000	1.0000000000	1.0000000000	0.0000000000	0.5216813721	0.0013343777	0	0.9999967865	0.8844374640
FASYN-ELONG-PWY: fatty acid elongation -- saturated	0.0000000000	0	0	0	0.0000000000	0.0000000000	0	0	0.0000000000	0.0000000388	0	0.0000006301	0.0000000000	0	0	0.0000000000	0.0000000000	0	0	0	0.0000000000	0.0000000000	0.0000000000	0.0000000000	0.0000000000	0.0000000000	0	0	0.0000000000	0.0000000000
FASYN-ELONG-PWY: fatty acid elongation -- saturated|g__Bacteroides.s__Bacteroides_vulgatus	0.0000000000	0	0	0	0.0000000000	0.0000000000	0	0	0.0000000000	0.0000002811	0	0.0000194053	0.0000000000	0	0	0.0000144108	0.0000000000	0	0	0	0.0000000000	0.0000000000	0.0000000000	0.0000194412	0.0000000000	0.0000000000	0	0	0.0000000000	0.0000000001
HISDEG-PWY: L-histidine degradation I	0.1359022192	0.2055425158	0.1474424032	0.2214919489	0.4912246591	0.6293517626	0.1110638254	0.5347707442	0.0730832951	0.0985437400	0	0.3470266533	0.0282046780	0.6604163091	0.2175156883	0.3203192001	0.1581977241	0	0.2938379267	0	0.0280636916	0.0563805625	0.2710888094	0.0000655460	0.0198128196	0.5165830416	0.0008455406	0	0.1510765754	0.2806959053
HISDEG-PWY: L-histidine degradation I|g__Bacteroides.s__Bacteroides_dorei	0.1814419335	0.1265767180	0.1224602621	0.2763254749	0.1580702147	0.4588204467	0.1179348842	0	0.0000056291	0.2583050150	0	0.3832853399	0.4962779126	0	0.1748383073	0.3263008872	0.2013415642	0	0	0	0.2813605467	0.0149091281	0.3441903797	0.0024876475	0.0420785125	0.2943709353	0.0000000000	0	0.0000000741	0.3450755788
HISDEG-PWY: L-histidine degradation I|g__Bacteroides.s__Bacteroides_vulgatus	0.1599290701	0.1067930031	0.2446678433	0.2569198923	0.2106028313	0.6342487176	0.3790923346	0.5284600590	0.1181060676	0.0283083190	0	0.0786259295	0.0155174500	0.6793257556	0.1207056019	0.0000055853	0.2472870461	0	0.3069906784	0	0.0003756667	0.1360380699	0.1035041271	0.0000041786	0.0000000000	0.3707346705	0.0000007291	0	0.0455751622	0.2701817433
HISTSYN-PWY: L-histidine biosynthesis	0.2367672024	0.1430953424	0.0027416801	0	0.0078702231	0.0083611588	0.5298693022	0	0.0000075563	0.1203653247	0	0.5509551647	0.0416170502	0.2255439832	0.0416937488	0.0000933789	0.0221178717	0	0	0	0.0076946903	0.1165379163	0.0051773139	0.0012898257	0.0000000033	0.3091542770	0.0000000013	0	0.0156736570	0.0001997417
HISTSYN-PWY: L-histidine biosynthesis|g__Bacteroides.s__Bacteroides_dorei	0.3987264730	0	0.0021559151	0	0.0000000001	0	0.1218487588	0	0.0000000064	0	0	0.0708938317	0	0	0.1491731989	0.0002309221	0.0000014715	0	0	0	0.0086138193	0.0006917419	0.0003380888	0.0056787531	0.0000000000	0.0895178914	0.0000000000	0	0.0000000000	0
HISTSYN-PWY: L-histidine biosynthesis|g__Bacteroides.s__Bacteroides_vulgatus	0.1323202207	0.2602759814	0.0244643228	0	0.0365326868	0.0223180250	0.7059028353	0	0.0006038173	0.1268329657	0	0.6671250323	0.1192120514	0.3182645037	0.0430671200	0.0054871384	0.0933377164	0	0	0	0.1196681417	0.4315154642	0.0333492677	0.0001124738	0.0001146611	0.4600472481	0.0000788344	0	0.2697308899	0.0016673633
NONMEVIPP-PWY: methylerythritol phosphate pathway I	0.1185616730	0.2579535501	0.2374295147	0.0996231873	0.0076136290	0.1824299913	0	0	0.0000551633	0.0363425288	0	0.4870740327	0.1141241918	0.0085764488	0.0000864486	0.0000038834	0.0004726971	0	0	0	0.0000000051	0.0774550710	0.0978588536	0.0000000633	0.0000000000	0.0701463079	0.0000000000	0	0.0000000131	0.2944921802
NONMEVIPP-PWY: methylerythritol phosphate pathway I|g__Bacteroides.s__Bacteroides_dorei	0.0000000086	0	0.0007661249	0	0.0000000000	0	0	0	0	0	0	0	0	0	0.0000000001	0.0000000000	0	0	0	0	0.0000000000	0.0004485859	0.0000000000	0.0000000000	0.0000000000	0.0061868484	0.0000000000	0	0.0000000000	0
NONMEVIPP-PWY: methylerythritol phosphate pathway I|g__Bacteroides.s__Bacteroides_vulgatus	0.4627986199	0.3968198277	0.4189459111	0.0567730519	0.0006732816	0.2832061883	0	0	0.0003711236	0.0788834842	0	0.5908035256	0.3030782543	0.0083025702	0.4507757196	0.3831575723	0.0010437373	0	0	0	0.8106767512	0.6716077903	0.4245062007	0.0010523124	0.0000000000	0.0262386898	0.0000000000	0	0.0000121611	0.4735580998
PANTO-PWY: phosphopantothenate biosynthesis I	0.0173002208	0.2015732600	0.0543811117	0.1730138204	0.0190637708	0.2858259461	0.1139380179	0	0.0022404704	0.2042696122	0	0.2403407702	0.3516181836	0.3843478212	0.0017558601	0.2353614308	0.0354712418	0	0.6371187332	0	0.0031125483	0.1918256221	0.0338026038	0.0265694313	0.0000000000	0.2217474167	0.0000000068	0	0.0007644201	0.2504506030
PANTO-PWY: phosphopantothenate biosynthesis I|g__Bacteroides.s__Bacteroides_dorei	0.0628830069	0	0.0061093176	0	0.0000000169	0	0.3237547846	0	0.0004411159	0	0	0	0	0	0.0329455248	0.3891208647	0.0604283877	0	0	0	0.0214583148	0.1780401790	0.0001024246	0.1128246637	0.0000000000	0.0690122346	0.0000000000	0	0.0000867361	0
PANTO-PWY: phosphopantothenate biosynthesis I|g__Bacteroides.s__Bacteroides_vulgatus	0.0894456626	0.3651724882	0.1934976428	0.2507448709	0.0634694721	0.5030335888	0.2233934896	0	0.0639075467	0.0091959002	0	0.4579614760	0.5517527228	0.5086840956	0.0287837569	0.0000015570	0.1139463389	0	0.6460491352	0	0.0470915823	0.4175622511	0.2115281096	0.0015231586	0.0000000002	0.3937146434	0.0041509726	0	0.0019862746	0.4328330679
PANTOSYN-PWY: superpathway of coenzyme A biosynthesis I (bacteria)	0.0328270110	0.0920712642	0.0492262331	0.1817972576	0.0370647512	0.2834163274	0	0	0.0039234273	0.0072161573	0	0.2453016591	0.0730731944	0.3026872916	0.0006448591	0.0050576269	0.0107779348	0	0	0	0.0032861522	0.0719374209	0.0145361504	0.0000185309	0.0000000000	0.2574420328	0.0000000024	0	0.0001247013	0.1285425851
PANTOSYN-PWY: superpathway of coenzyme A biosynthesis I (bacteria)|g__Bacteroides.s__Bacteroides_dorei	0.1051844218	0	0	0	0.0000000164	0	0	0	0	0	0	0	0	0	0.0570172247	0.0153303124	0	0	0	0	0.0248516293	0.1023226488	0.0001106319	0.0003852658	0	0.0645826971	0.0000000000	0	0	0
PANTOSYN-PWY: superpathway of coenzyme A biosynthesis I (bacteria)|g__Bacteroides.s__Bacteroides_vulgatus	0.0080706622	0.1246548714	0.1384326843	0.2638540676	0.0481427075	0.4226366972	0	0	0.0114862071	0.0000681484	0	0.0922601390	0.0633453528	0.2367138443	0.0042463531	0.0000035029	0.0504880551	0	0	0	0.0000000946	0.0163649870	0.0210368401	0.0005343489	0.0000000000	0.0415417260	0.0010003191	0	0.0012206285	0.2467234499
PEPTIDOGLYCANSYN-PWY: peptidoglycan biosynthesis I (meso-diaminopimelate containing)	0.4390819678	0.2704497873	0.3939953985	0.2708938501	0.5041793958	0.4204130271	0.5238826629	0	0.2931950528	0.4021967740	0	0.5189267888	0.5510778946	0.5431923811	0.2525391612	0.5310024028	0.5749278534	0	0.3209907255	0	0.4290347290	0.3162970086	0.5786886923	0.4674686464	0.4803799031	0.2454787623	0.0090997779	0	0.4307346217	0.3973174140
PEPTIDOGLYCANSYN-PWY: peptidoglycan biosynthesis I (meso-diaminopimelate containing)|g__Bacteroides.s__Bacteroides_dorei	0.3750200739	0	0	0	0.0000000106	0.0177075010	0.5741459192	0	0.0000008577	0	0	0.4485825188	0	0.0100707594	0.4629649589	0.1729521398	0.0000000714	0	0	0	0.5228157086	0.0752753121	0.0000743468	0.1465458309	0.0000000000	0.2163344254	0.0000000000	0	0.0000000000	0
PEPTIDOGLYCANSYN-PWY: peptidoglycan biosynthesis I (meso-diaminopimelate containing)|g__Bacteroides.s__Bacteroides_vulgatus	0.3066080386	0.3353505148	0.4967119984	0.2770920971	0.4141260595	0.4685039681	0.5289811936	0	0.3635261212	0.2224790400	0	0.4807215000	0.5259905198	0.5473667379	0.0001841904	0.0160551399	0.1969925219	0	0.2668977413	0	0.2917626088	0.3756655236	0.7164407269	0.0000618856	0.0020201910	0.3117828331	0.0008161228	0	0.4413858186	0.5039604952
PWY-1042: glycolysis IV	0.8766813186	0.7697362448	0.4755119377	0.5875914658	0.4428744373	0.6966948908	0.8116536126	0	0.0953193322	0.2797675943	0	0.7545964057	0.6006924163	0.6297960123	0.4017322067	0.7660136414	0.1247314269	0	0.8458034892	0	0.9878304563	0.8876380837	0.4366119474	0.9984610010	0.0000000000	0.9236188738	0.0015222776	0	0.9514307485	0.6312732723
PWY-1042: glycolysis IV|g__Bacteroides.s__Bacteroides_dorei	0.6599323759	0	0.0785430670	0.7648326031	0.0000000002	0	0.8531916214	0	0.0000343834	0	0	0	0.2586708557	0.0065591066	0.4205793845	0.8451813701	0.0027234967	0	0	0	0.7254162806	0.9555577476	0.1082748500	0.9879957243	0.0000000000	0.1628689260	0.0000000000	0	0.6015660244	0.4574306316
PWY-1042: glycolysis IV|g__Bacteroides.s__Bacteroides_vulgatus	0.7941841024	0.6946094858	0.5880587173	0.5888830805	0.6837849185	0.8253640794	0.5854639269	0	0.5057304507	0.3600461825	0	0.7573261503	0.7439630034	0.7173953490	0.7472140532	0.0001950663	0.4441519870	0	0.7828212075	0	0.4320938389	0.4790056698	0.7213691255	0.0000000638	0.0001436493	0.8575751463	0.8233122933	0	0.5517458802	0.5410950466
PWY-2942: L-lysine biosynthesis III	0.1924060309	0.0724086685	0.0726137882	0	0.1704129034	0.3793230662	0.2244717487	0.3319241176	0.1858435977	0.5319970815	0	0.2663970089	0.3868168406	0.2383828420	0.1587847769	0.0000473624	0.0075396677	0	0	0	0.0006586220	0.0896213503	0.0125158719	0.0002564357	0.0003871251	0.1854544219	0.0150688655	0	0.0453442525	0.0798572884
PWY-2942: L-lysine biosynthesis III|g__Bacteroides.s__Bacteroides_dorei	0.1057768057	0	0.0092724199	0	0.3644325207	0.4585040438	0.5084127317	0	0.1267097120	0.2338604106	0	0.1643562854	0.0288288815	0.0766250509	0.0318113345	0.0003535748	0.0403289035	0	0	0	0.0393307682	0.3276430629	0.1673496067	0.0000108157	0.0000000275	0.1563804784	0.0000000015	0	0.0032580688	0
PWY-2942: L-lysine biosynthesis III|g__Bacteroides.s__Bacteroides_vulgatus	0.2960702075	0.0303511220	0.0613195675	0	0.0079550461	0.1469379860	0.0279862212	0.3235369472	0.0061374671	0.3693316684	0	0.2661219890	0.3346256277	0.0719453558	0.2107146476	0.0030931561	0.0006558425	0	0	0	0.0059243080	0.0437357736	0.0014892176	0.0025696139	0.0000000000	0.0505022073	0.0001099364	0	0.0006526773	0.1617117679
PWY-3841: folate transformations II (plants)	0.3481633692	0.3729407181	0.0207503340	0.3712687439	0.1883067252	0.1649942552	0.3765610818	0.6080655876	0.1657895036	0.7477184811	0	0.4413699534	0.0400109390	0.4428816840	0.0156981732	0.0380280296	0.0001756461	0	0.2572637338	0	0.0000018465	0.0585874523	0.0555393841	0.0279824406	0.0000000000	0.0417406732	0.0000000504	0	0.0321392579	0.1160356030
PWY-3841: folate transformations II (plants)|g__Bacteroides.s__Bacteroides_dorei	0.6138236412	0	0	0	0.0000000000	0	0.5568247044	0	0.0000000072	0.1649245160	0	0.2839259709	0	0	0.0102523832	0.0057596297	0.0000050058	0	0	0	0.0004161583	0.0071704363	0.0039031000	0.0002606260	0.0000000000	0.3200999248	0.0000000000	0	0.0000000000	0
PWY-3841: folate transformations II (plants)|g__Bacteroides.s__Bacteroides_vulgatus	0.1912594764	0.4757373627	0.1090819503	0.4102026053	0.2101802425	0.3735052855	0.3922989761	0.5994645340	0.4190273367	0.7775018730	0	0.5530086749	0.0967155188	0.5665134319	0.2198185663	0.0035243586	0.0018860425	0	0.2779813943	0	0.0017217377	0.4158589314	0.1317104041	0.0128061186	0.0000000090	0.0408561395	0.0041564812	0	0.3378416928	0.2777324516
PWY-4041: &gamma;-glutamyl cycle	0	0	0	0	0.0000000000	0	0	0	0	0	0	0	0	0	0.0000000000	0.5210705424	0	0	0	0	0.0000000000	0.0000000000	0.0000000000	0.6410516982	0.0000000000	0.0000000000	0.0000000000	0	0	0
PWY-4041: &gamma;-glutamyl cycle|g__Bacteroides.s__Bacteroides_dorei	0	0	0	0	0.0000000000	0	0	0	0	0	0	0	0	0	0.0000000000	0.6010956609	0	0	0	0	0.0000000000	0.0000009056	0.0000019247	0.7646631198	0.0000000000	0.0031677148	0	0	0	0
PWY-4041: &gamma;-glutamyl cycle|g__Bacteroides.s__Bacteroides_vulgatus	0	0	0	0	0.0000000000	0	0	0	0	0	0	0	0	0	0.0000000000	0.0000001231	0	0	0	0	0.0000000000	0.0000000000	0.0000000000	0.0000000094	0.0000000000	0.0000000000	0.0000000000	0	0	0
PWY-5030: L-histidine degradation III	0.1870456335	0.2307028812	0.0542072714	0.2841233816	0.1965155848	0.6537921164	0.0764357051	0.5395554844	0.0934039910	0.0166382843	0	0.3875496772	0.0398281834	0.2639256361	0.0478092184	0.0623138891	0.1916780130	0	0	0	0.0098419643	0.0752039046	0.1152749865	0.0000982856	0.0001803962	0.0309121990	0.0000881167	0	0.0572015092	0.1156164136
PWY-5030: L-histidine degradation III|g__Bacteroides.s__Bacteroides_dorei	0.2456778537	0	0	0.3231300052	0.0000065954	0.0385911444	0	0	0.0000084409	0.1577816932	0	0.4248374111	0.1870128041	0	0.1280263555	0.1674927242	0.0000089031	0	0	0	0.0764971708	0.0089104115	0.0390219988	0.0037152473	0.0000000000	0.0376565224	0.0000000000	0	0.0000000000	0
PWY-5030: L-histidine degradation III|g__Bacteroides.s__Bacteroides_vulgatus	0.1702510103	0.1404707667	0.1806719730	0.3228442595	0.1529475662	0.6631988123	0.3861124273	0.5589221651	0.1563646388	0.0211786146	0	0.1093765026	0.0227720930	0.3608955686	0.0705269967	0.0000083647	0.3087451521	0	0	0	0.0005552803	0.1837371404	0.1225080221	0.0000061611	0.0000000000	0.0355341755	0.0000010936	0	0.0649782839	0.2218115586
PWY-5097: L-lysine biosynthesis VI	0.1827621210	0.0821667014	0.0836860415	0.0926034589	0.1242001576	0.3609114229	0.0611651691	0.3019316415	0.0000403467	0.4839398729	0	0.1503358543	0.2935423864	0.2392473231	0.0055797612	0.0000552557	0.0082766848	0	0	0	0.0000246990	0.0449248526	0.0144628073	0.0002991652	0.0004516169	0.1918969090	0.0175363011	0	0.0525048291	0.2476447431
PWY-5097: L-lysine biosynthesis VI|g__Bacteroides.s__Bacteroides_dorei	0.1101014297	0	0	0	0	0	0.4567770599	0	0	0	0	0.1775334436	0.0120856330	0	0.0252811882	0.0003978065	0	0	0	0	0.0070820595	0.2610656500	0.0059329219	0.0000123743	0	0.1737632954	0.0000000000	0	0	0
PWY-5097: L-lysine biosynthesis VI|g__Bacteroides.s__Bacteroides_vulgatus	0.2917671887	0.0327855546	0.0708576357	0.1028558939	0.0092265069	0.1604303018	0	0.3249880995	0.0037642700	0.3350251416	0	0.0359857537	0.3187824678	0.0219521305	0.0797202155	0.0036070279	0.0007643350	0	0	0	0.0013050015	0.0452791945	0.0017357148	0.0029965998	0.0000000000	0.0551059010	0.0001282568	0	0.0007613740	0.2428949236
PWY-5121: superpathway of geranylgeranyl diphosphate biosynthesis II (via MEP)	0.0997267682	0.2756770177	0.2476392860	0.0806542296	0.0060116987	0.1654432916	0	0	0.0000433912	0.0311179332	0	0.4823518247	0.1023961151	0.0068257535	0.0000679288	0.0000030512	0.0003715181	0	0	0	0.0000000040	0.0630564933	0.0820312947	0.0000000497	0.0000000000	0.0593418123	0.0000000000	0	0.0000000103	0.2984037225
PWY-5121: superpathway of geranylgeranyl diphosphate biosynthesis II (via MEP)|g__Bacteroides.s__Bacteroides_dorei	0.0000000067	0	0.0006500012	0	0.0000000000	0	0	0	0	0	0	0	0	0	0.0000000001	0.0000000000	0	0	0	0	0.0000000000	0.0003536977	0.0000000000	0.0000000000	0.0000000000	0.0051498710	0.0000000000	0	0.0000000000	0
PWY-5121: superpathway of geranylgeranyl diphosphate biosynthesis II (via MEP)|g__Bacteroides.s__Bacteroides_vulgatus	0.4123020460	0.4152962188	0.4405047243	0.0429708685	0.0006097939	0.2510327483	0	0	0.0003586231	0.0684312916	0	0.5118414197	0.2819467500	0.0065636163	0.4088533826	0.3480323057	0.0008204156	0	0	0	0.8190523757	0.6462206597	0.3985232973	0.0008284306	0.0000000000	0.0208360322	0.0000000000	0	0.0000095552	0.4847894670
PWY-5659: GDP-mannose biosynthesis	0.0000000000	0.0677835175	0.0000000029	0.3233369748	0.0000000000	0.0000010675	0	0.6657013399	0.0000128114	0.1833497032	0	0.0000000212	0.0958295017	0.0000000372	0.0020661289	0.0000000837	0.0000000000	0	0	0	0.0000000000	0.0000000000	0.0000601908	0.0000000000	0.0000000000	0.1587150165	0.0000000000	0	0.0000642058	0.3135171734
PWY-5659: GDP-mannose biosynthesis|g__Bacteroides.s__Bacteroides_dorei	0.0000000000	0	0.0007995620	0.4004345341	0.0000035736	0	0	0.6725596614	0.0009559984	0.0931665610	0	0	0.2430960168	0	0.3061788706	0.0000000000	0	0	0	0	0.0000000000	0.0000000000	0.0212565590	0.0000000000	0.0000000000	0.2443959889	0.0000000000	0	0.0000006519	0.0802379260
PWY-5659: GDP-mannose biosynthesis|g__Bacteroides.s__Bacteroides_vulgatus	0.0224182698	0.0718978324	0.0000002530	0.2785796114	0.0000000000	0.0000025109	0	0.3678940525	0.0000378439	0.0281355119	0	0.0000010906	0.0050354633	0.0000003441	0.0000000056	0.0000019976	0.0000000000	0	0	0	0.0005855736	0.0000869038	0.0000025253	0.0000000000	0.0000000000	0.0000019478	0.0000000000	0	0.0041578897	0.4620823566
PWY-5667: CDP-diacylglycerol biosynthesis I	0.2777282920	0.5399524694	0.0807229241	0.2511141058	0.0323764955	0.0402600626	0.1927365665	0.6020562550	0.3219050400	0.5528706076	0	0.2762861265	0.4052368414	0.3057419303	0.2886639565	0.0059009674	0.0039406900	0	0	0	0.0140663398	0.1256843029	0.0186724139	0.0048234766	0.2385268232	0.2226518970	0.0104090383	0	0.0426896548	0.1935359192
PWY-5667: CDP-diacylglycerol biosynthesis I|g__Bacteroides.s__Bacteroides_dorei	0.0583075582	0	0	0	0.0000000000	0	0	0	0	0	0	0.1045397979	0	0	0.0600713209	0.0004319838	0	0	0	0	0.0071172370	0.0248122432	0.0000022867	0.0367807819	0.0000000000	0.0480571064	0.0000000000	0	0	0
PWY-5667: CDP-diacylglycerol biosynthesis I|g__Bacteroides.s__Bacteroides_vulgatus	0.5713163304	0.7128520433	0.2845049928	0.3590217791	0.1208549619	0.1297862584	0.3923439885	0.6318223508	0.6358589052	0.6663489038	0	0.4328308552	0.6318355337	0.4512653419	0.4236926428	0.0083247909	0.0472719025	0	0	0	0.2349903856	0.3061879348	0.0965521804	0.0004117731	0.6693436091	0.3395099651	0.4209493499	0	0.4234935244	0.3719578194
PWY-5686: UMP biosynthesis I	0.0953813046	0.2677212147	0.1094325227	0	0.1729903624	0.0072603052	0.0309220385	0	0.1065919133	0.2925133884	0	0.0535674130	0.0068107529	0.0360457425	0.0000121097	0.0334217865	0.0000372522	0	0.2668532125	0	0.0000303164	0.0002801378	0.0332781564	0.0002135792	0.0000000000	0.0322771161	0.0003365551	0	0.0043583963	0.1419098270
PWY-5686: UMP biosynthesis I|g__Bacteroides.s__Bacteroides_dorei	0.0401009090	0	0	0	0.0000000584	0	0.1380553623	0	0	0	0	0.3541144953	0	0	0.1008988969	0.0767968270	0.0000002217	0	0	0	0.0577689636	0.1460802757	0.0000764988	0.0003843374	0.0000000000	0.0192522105	0.0000000000	0	0.0000000000	0
PWY-5686: UMP biosynthesis I|g__Bacteroides.s__Bacteroides_vulgatus	0.3320242415	0.3065210182	0.2361461503	0	0.1563344821	0.0089524074	0.2002905446	0	0.0178275983	0.3689328949	0	0.0991809742	0.0378191327	0.0640535471	0.0000092724	0.0002718441	0.0001120457	0	0.2856946421	0	0.0000885230	0.0005851800	0.1355903794	0.0004456571	0.0000000000	0.0121075508	0.0011379608	0	0.0370797420	0.1917116788
PWY-5695: inosine 5'-phosphate degradation	0.8345269120	0.3942409680	0.7191049765	0.5104696761	0.7957027383	0.8250765824	0.5054305527	0.3879195071	0.1620028965	0.6272257665	0	0.7006122156	0.4994465165	0.5209992145	0.5105513988	0.7838753445	0.8057955126	0	0.6188486771	0	0.7236000816	0.9108655703	0.8951687259	0.9998089936	0.6692327693	0.9169934003	0.1062200341	0	0.4787950431	0.7956112376
PWY-5695: inosine 5'-phosphate degradation|g__Bacteroides.s__Bacteroides_dorei	0.7802849979	0.0758831023	0	0.5809626294	0.0000003300	0	0.3855279314	0	0.0000000000	0	0	0.7669052533	0.0769528076	0	0.8703091333	0.0145057618	0.0000248586	0	0	0	0.8580423125	0.5243492893	0.5648950614	0.2851087279	0.0000000000	0.9790292114	0.0000000000	0	0.0000000000	0
PWY-5695: inosine 5'-phosphate degradation|g__Bacteroides.s__Bacteroides_vulgatus	0.7152702513	0.3974275741	0.4887904912	0.4294629699	0.0026600949	0.4081586463	0.4225837933	0.3232800863	0.0388639453	0.2477446169	0	0.5190246908	0.6310544239	0.0187840417	0.2634912939	0.7226861883	0.1950378873	0	0.3977142243	0	0.4469685294	0.7657125137	0.1539730724	0.8969536718	0.0000000000	0.3494446515	0.0000000000	0	0.0005312574	0.3514298377
PWY-5973: cis-vaccenate biosynthesis	0.0000000000	0	0	0.3063041641	0.0000000000	0.0000000000	0	0	0.0000000000	0.0266458031	0	0.0000006541	0.0000000000	0	0	0.0000000000	0.0000000000	0	0	0	0.0000000000	0.0000000000	0.0000000000	0.0000000000	0.0000000000	0.0000000000	0	0	0.0000000000	0.0000000000
PWY-5973: cis-vaccenate biosynthesis|g__Bacteroides.s__Bacteroides_dorei	0.0009471433	0	0	0	0.0039960015	0	0	0	0.0043252430	0	0	0	0	0	0	0	0	0	0	0	0.0000000000	0.0000000000	0.0000001282	0	0.0000000000	0.0000005638	0	0	0.0000008939	0
PWY-5973: cis-vaccenate biosynthesis|g__Bacteroides.s__Bacteroides_vulgatus	0.0000000000	0	0	0.2739584547	0.0000000000	0.0000000000	0	0	0.0000000000	0.0544969053	0	0.0000206829	0.0000000000	0	0	0.0047567113	0.0000000002	0	0	0	0.0054228793	0.0000000000	0.0000000000	0.0061881388	0.0000000000	0.0000000000	0	0	0.0000000000	0.0000000001
PWY-5989: stearate biosynthesis II (bacteria and plants)	0.0000000000	0	0	0	0.0000000000	0.0000000000	0	0	0.0000000000	0.0000000291	0	0.0000005899	0.0000000000	0	0	0.0000000000	0.0000000000	0	0	0	0.0000000000	0.0000000000	0.0000000000	0.0000000000	0.0000000000	0.0000000000	0	0	0.0000000000	0.0000000000
PWY-5989: stearate biosynthesis II (bacteria and plants)|g__Bacteroides.s__Bacteroides_vulgatus	0.0000000000	0	0	0	0.0000000000	0.0000000000	0	0	0.0000000000	0.0000002109	0	0.0000183486	0.0000000000	0	0	0.0000108184	0.0000000000	0	0	0	0.0000000000	0.0000000000	0.0000000000	0.0000145952	0.0000000000	0.0000000000	0	0	0.0000000000	0.0000000001
PWY-6121: 5-aminoimidazole ribonucleotide biosynthesis I	0.4373858679	0.2401872375	0.0702725744	0	0.0118165251	0.0317074329	0.0282185680	0	0.0228981075	0.0039164841	0	0.2441238336	0.1301948450	0.2030068067	0.0006440438	0.0077537561	0.1005253596	0	0.1063292885	0	0.0000004273	0.0062162690	0.1689093779	0.0011218607	0.0000000000	0.0059851128	0.0002139325	0	0.0053076686	0.0278455489
PWY-6121: 5-aminoimidazole ribonucleotide biosynthesis I|g__Bacteroides.s__Bacteroides_dorei	0.3184529828	0	0	0	0.0000009527	0	0.0928214493	0	0.0000000006	0	0	0	0.0046323164	0.0000117976	0.0381731028	0.0549276896	0.0000395111	0	0	0	0.0000000000	0.0480562436	0.0000042505	0.0043217486	0.0000000000	0.0158588677	0.0000000000	0	0.0000001461	0
PWY-6121: 5-aminoimidazole ribonucleotide biosynthesis I|g__Bacteroides.s__Bacteroides_vulgatus	0.0000081578	0.0000000351	0.0038970760	0	0.0000000000	0.0000000133	0.1094186090	0	0.0000000375	0.0004585324	0	0.0040189566	0.0000165566	0.0000000300	0.0000000000	0.0000012840	0.0000000000	0	0.0005019079	0	0.0000047930	0.0000000000	0.0000000000	0.0031296903	0.0000000000	0.0000108541	0.0000000000	0	0.0000000000	0.0001152854
PWY-6122: 5-aminoimidazole ribonucleotide biosynthesis II	0.3928433850	0.2099127624	0.0586222776	0	0.0094756417	0.0255682883	0.0244816738	0	0.0354936200	0.0031358672	0	0.2148999597	0.1076783557	0.1704213911	0.0005153128	0.0062240339	0.0820745214	0	0.0870667322	0	0.0000003418	0.0049815983	0.1398538809	0.0008985408	0.0000000000	0.0047964247	0.0001712215	0	0.0042910507	0.0224066474
PWY-6122: 5-aminoimidazole ribonucleotide biosynthesis II|g__Bacteroides.s__Bacteroides_dorei	0.2724301455	0.0009154032	0.0488054466	0	0.0000007621	0	0.1760495753	0	0.0338945280	0	0	0.1926105550	0.0037824240	0.0000094398	0.0309353456	0.0456202182	0.0000316127	0	0	0	0.0027954193	0.0410364665	0.0000034004	0.0034645930	0.0000000000	0.0127366864	0.0000000000	0	0.0000004256	0
PWY-6122: 5-aminoimidazole ribonucleotide biosynthesis II|g__Bacteroides.s__Bacteroides_vulgatus	0.0000065264	0.0000000281	0.0031214512	0	0.0000000000	0.0000000106	0.0931006436	0	0.0000000300	0.0003668619	0	0.0032186125	0.0000132453	0.0000000240	0.0000000000	0.0000010272	0.0000000000	0	0.0004015696	0	0.0000038344	0.0000000000	0.0000000000	0.0063057462	0.0000000000	0.0000086833	0.0000000000	0	0.0000000000	0.0000922305
PWY-6123: inosine-5'-phosphate biosynthesis I	0.4089073994	0.1036218276	0.3899994013	0	0.0569346877	0.5384073621	0.0396604069	0	0.4885733796	0.4740824981	0	0.3749453444	0.2726226333	0.4707521913	0.1733342957	0.7412560462	0.2981142861	0	0.1144978244	0	0.2213140655	0.2781028222	0.2388940271	0.3372163700	0.6499162186	0.3064624016	0.9058062374	0	0.6889815369	0.1743780679
PWY-6123: inosine-5'-phosphate biosynthesis I|g__Bacteroides.s__Bacteroides_dorei	0.3032388467	0	0.0182093625	0	0.0157132813	0.3377554964	0.3519426961	0	0.0078567653	0.1158380944	0	0	0.1287835890	0.0011087428	0.1112346867	0.0304490378	0.5720409627	0	0	0	0.1408109844	0.4300772567	0.0257765036	0.0102240221	0.0016585554	0.4093115994	0.0000000005	0	0.4753637468	0.1121230482
PWY-6123: inosine-5'-phosphate biosynthesis I|g__Bacteroides.s__Bacteroides_vulgatus	0.4572575700	0.0161205663	0.3454056339	0	0.0620286524	0.4809940402	0.0102024401	0	0.6853926007	0.2201744790	0	0.3656170629	0.0895915550	0.2132421165	0.5371597177	0.2017328372	0.1438401183	0	0.0195219657	0	0.4665880077	0.1839172773	0.2402219180	0.3380757471	0.0180722719	0.2028698638	0.3416358712	0	0.6387455775	0.2908389225
PWY-6124: inosine-5'-phosphate biosynthesis II	0.3656775416	0.0878690482	0.3475930122	0	0.0479001027	0.4929032590	0.0332702577	0	0.4432367813	0.4289627034	0	0.3356231462	0.2379995378	0.4256927955	0.1487422692	0.7047843225	0.2614173056	0	0.0972710748	0	0.1914916888	0.2430162704	0.2073334777	0.2977478852	0.6073888233	0.2691317975	0.8890575031	0	0.6486341010	0.1496647654
PWY-6124: inosine-5'-phosphate biosynthesis II|g__Bacteroides.s__Bacteroides_dorei	0.2662508504	0	0.0152652568	0	0.0131291412	0.3074608890	0.3117552767	0	0.0065563709	0.1026579597	0	0.6145492644	0.1379418467	0.0009241554	0.0947997347	0.0255038120	0.5593543862	0	0	0	0.1201625592	0.3892456744	0.0216262801	0.0085345613	0.0013825117	0.3671570892	0.0000000004	0	0.4331982318	0.0952694556
PWY-6124: inosine-5'-phosphate biosynthesis II|g__Bacteroides.s__Bacteroides_vulgatus	0.4124831489	0.0134699959	0.3054203463	0	0.0522305083	0.4357614792	0.0085165150	0	0.6448196980	0.1904681021	0	0.3251118314	0.0757913398	0.1842500765	0.4916487487	0.1739595915	0.1228109582	0	0.0163214091	0	0.4216192661	0.1581109537	0.2085340049	0.2985519894	0.0151057257	0.1749743917	0.3018857247	0	0.5957053401	0.2547124863
PWY-6125: superpathway of guanosine nucleotides de novo biosynthesis II	0.8422830220	0.5465517686	0.1022755925	0.6224438398	0.5454634292	0.9576576474	0.4224021090	0	0.7450183293	0.6910088749	0	0.4026149931	0.1287132919	0.5122609101	0.8005949800	0.7679720746	0.8510263954	0	0.8879107568	0	0.7141323613	0.4109909185	0.9741499749	0.9948129519	0.9999571893	0.7978939494	0.9999457766	0	0.7784348569	0.7784363724
PWY-6125: superpathway of guanosine nucleotides de novo biosynthesis II|g__Bacteroides.s__Bacteroides_dorei	0.7553242625	0	0	0	0	0.1706049916	0.2156678586	0	0	0	0	0	0	0	0.6264226482	0.9059198902	0.0236218380	0	0	0	0.3492488735	0.4626430071	0.0195770735	0.9988765463	0.0000000000	0.1067321360	0.0003888104	0	0	0
PWY-6125: superpathway of guanosine nucleotides de novo biosynthesis II|g__Bacteroides.s__Bacteroides_vulgatus	0.7650691385	0.6774492731	0.3374132287	0.5531516403	0.7427596515	0.9683213526	0.3450388137	0	0.9168687848	0.7506468302	0	0.5020581249	0.3120875759	0.5981180865	0.8113448261	0.0015352049	0.8722031744	0	0.8780402530	0	0.5836638759	0.5662352303	0.9626377268	0.0015347041	0.9986922624	0.8230072657	0.9956353869	0	0.8526335792	0.8833958819
PWY-6126: superpathway of adenosine nucleotides de novo biosynthesis II	0.4363853783	0.1361426171	0.1346496934	0.5836078603	0.2170970228	0.2031367722	0.0707818682	0	0.4321297433	0.2709578347	0	0.2356825140	0.1614649521	0.3122099381	0.0214114607	0.0726162106	0.0388222125	0	0.2601591351	0	0.0023957568	0.2511320290	0.0959638784	0.2856364150	0.0000069990	0.2609985919	0.0003534706	0	0.0011232043	0.1060863048
PWY-6126: superpathway of adenosine nucleotides de novo biosynthesis II|g__Bacteroides.s__Bacteroides_dorei	0.5732033908	0	0	0	0	0	0.2359255546	0	0	0	0	0.4586029950	0	0	0.0928522886	0.2099117818	0.0162560593	0	0	0	0.4107507378	0.4130102060	0.0120869520	0.3663017464	0.0000000000	0.1346777550	0.0000000000	0	0	0
PWY-6126: superpathway of adenosine nucleotides de novo biosynthesis II|g__Bacteroides.s__Bacteroides_vulgatus	0.0789297882	0.2723925832	0.3842835027	0.6130076430	0.1250427727	0.3836564027	0.0643272819	0	0.4254311588	0.2681532387	0	0.2566153364	0.2913814961	0.4514112331	0.1470276331	0.0017702363	0.1510054077	0	0.2850492699	0	0.0000069387	0.1980328410	0.2112638253	0.0022224833	0.0000000000	0.2303276074	0.0000369864	0	0.0006677344	0.1447803869
PWY-6147: 6-hydroxymethyl-dihydropterin diphosphate biosynthesis I	0.5740801828	0.5301695201	0.6225937996	0.6140697718	0.2950264997	0.9906562105	0	0	0.4101532375	0.0598160792	0	0.8492311518	0.1936101586	0.3190885980	0.2662135949	0.1114097438	0.0149489911	0	0.7805610680	0	0.4452465790	0.9341960786	0.6297879015	0.2162626059	0.0011020020	0.5398499794	0.0000774734	0	0.0180163868	0.1074534478
PWY-6147: 6-hydroxymethyl-dihydropterin diphosphate biosynthesis I|g__Bacteroides.s__Bacteroides_dorei	0.6289934081	0	0	0.9344371963	0	0	0	0	0	0	0	0	0	0	0.0000747028	0.2063099874	0	0	0	0	0.2132830120	0.6306241141	0.0000343700	0.0153695858	0.0000000000	0.0011084822	0.0000000000	0	0	0
PWY-6147: 6-hydroxymethyl-dihydropterin diphosphate biosynthesis I|g__Bacteroides.s__Bacteroides_vulgatus	0.0165286666	0.3256210682	0.5581165148	0.1846669869	0.0029358179	0.6616119779	0	0	0.0001728746	0.0595660316	0	0.8570550922	0.2681482689	0.0000003286	0.0656671061	0.0000007261	0.1249292396	0	0.7256985100	0	0.6145132456	0.5730931492	0.0726922991	0.0000019008	0.0000000000	0.0002276183	0.0000000000	0	0.0002378884	0.2412589142
PWY-6151: S-adenosyl-L-methionine salvage I	0.5765544005	0.0682583039	0.4086948422	0.2383919221	0.2373394295	0.6104785898	0.7120397824	0	0.0763515980	0.2619432926	0	0.0088450113	0.0080140317	0.0000887188	0.4743599952	0.8906155298	0.9797357134	0	0.3702471165	0	0.9447710438	0.2908098925	0.8222559452	0.4184043128	0.8363968444	0.7331496436	0.0000000000	0	0.0208924989	0.0526191714
PWY-6151: S-adenosyl-L-methionine salvage I|g__Bacteroides.s__Bacteroides_dorei	0.2934568694	0.0206940820	0.1289408609	0	0.0001285211	0	0.6309137824	0	0.0011868287	0	0	0.1782725583	0.1540759298	0.0126974521	0.2684259636	0.9148195198	0	0	0	0	0.8803729339	0.0100911743	0.0016025590	0.7093765492	0.0000000000	0.1494581336	0.0000000000	0	0.0000000000	0
PWY-6151: S-adenosyl-L-methionine salvage I|g__Bacteroides.s__Bacteroides_vulgatus	0.1587997990	0.0316278892	0.5208079119	0.2213323074	0.3339217703	0.6048034381	0.7233418393	0	0.1818076814	0.3313351799	0	0.0032910530	0.0206621263	0.0000006370	0.0029913623	0.0017815929	0.9971816456	0	0.3840191217	0	0.0739300340	0.0597996474	0.7818100515	0.0000006238	0.9050377358	0.6988618745	0.0000000000	0	0.0041793572	0.0447849747
PWY-6163: chorismate biosynthesis from 3-dehydroquinate	0.1786911184	0.3558162010	0.1440097610	0.1600336895	0.2441974303	0.2311338330	0.0095188376	0	0.0063308692	0.4857581461	0	0.0230988899	0.1685464087	0.5545005466	0.0985742915	0.0475631333	0.0770241985	0	0.4285675858	0	0.0448620565	0.1275173652	0.3049379079	0.1100633108	0.0000000000	0.1811234632	0.0000056381	0	0.0108306181	0.4872386984
PWY-6163: chorismate biosynthesis from 3-dehydroquinate|g__Bacteroides.s__Bacteroides_dorei	0.0633736075	0	0	0	0.0000000043	0.0080460488	0.1690785754	0	0.0000000000	0	0	0	0	0.0009785783	0.4555281233	0.0524874751	0.0000363355	0	0	0	0.3772465744	0.0063885392	0.0045072888	0.1879373404	0.0000000000	0.1643190479	0.0000000000	0	0.0000000000	0
PWY-6163: chorismate biosynthesis from 3-dehydroquinate|g__Bacteroides.s__Bacteroides_vulgatus	0.3435806399	0.4839138995	0.2764647171	0.2402044611	0.3323630834	0.3817647451	0.0027006709	0	0.1325510634	0.4634846398	0	0.0187810466	0.2551450636	0.6473794172	0.1436899221	0.0785467132	0.1737239703	0	0.4535905988	0	0.0207242274	0.6879658920	0.5997117091	0.0178566655	0.0000170549	0.4149278190	0.1034022584	0	0.2512390012	0.6625984468
PWY-6277: superpathway of 5-aminoimidazole ribonucleotide biosynthesis	0.3928433850	0.2099127624	0.0586222776	0	0.0094756417	0.0255682883	0.0244816738	0	0.0354936200	0.0031358672	0	0.2148999597	0.1076783557	0.1704213911	0.0005153128	0.0062240339	0.0820745214	0	0.0870667322	0	0.0000003418	0.0049815983	0.1398538809	0.0008985408	0.0000000000	0.0047964247	0.0001712215	0	0.0042910507	0.0224066474
PWY-6277: superpathway of 5-aminoimidazole ribonucleotide biosynthesis|g__Bacteroides.s__Bacteroides_dorei	0.2724301455	0.0009154032	0.0488054466	0	0.0000007621	0	0.1760495753	0	0.0338945280	0	0	0.1926105550	0.0037824240	0.0000094398	0.0309353456	0.0456202182	0.0000316127	0	0	0	0.0027954193	0.0410364665	0.0000034004	0.0034645930	0.0000000000	0.0127366864	0.0000000000	0	0.0000004256	0
PWY-6277: superpathway of 5-aminoimidazole ribonucleotide biosynthesis|g__Bacteroides.s__Bacteroides_vulgatus	0.0000065264	0.0000000281	0.0031214512	0	0.0000000000	0.0000000106	0.0931006436	0	0.0000000300	0.0003668619	0	0.0032186125	0.0000132453	0.0000000240	0.0000000000	0.0000010272	0.0000000000	0	0.0004015696	0	0.0000038344	0.0000000000	0.0000000000	0.0063057462	0.0000000000	0.0000086833	0.0000000000	0	0.0000000000	0.0000922305
PWY-6282: palmitoleate biosynthesis I (from (5Z)-dodec-5-enoate)	0.0000000000	0	0	0	0.0000000000	0.0000000000	0	0	0.0000000000	0.0000000291	0	0.0000005448	0.0000000000	0	0	0.0000000000	0.0000000000	0	0	0	0.0000000000	0.0000000000	0.0000000000	0.0000000000	0.0000000000	0.0000000000	0	0	0.0000000000	0.0000000000
PWY-6282: palmitoleate biosynthesis I (from (5Z)-dodec-5-enoate)|g__Bacteroides.s__Bacteroides_vulgatus	0.0000000000	0	0	0	0.0000000000	0.0000000000	0	0	0.0000000000	0.0000002109	0	0.0000168815	0.0000000000	0	0	0.0000108150	0.0000000000	0	0	0	0.0000000000	0.0000000000	0.0000000000	0.0000145904	0.0000000000	0.0000000000	0	0	0.0000000000	0.0000000001
PWY-6385: peptidoglycan biosynthesis III (mycobacteria)	0.2897161010	0.2164831449	0.4801865387	0.1916488607	0.4474780737	0.2973307861	0.4275649113	0	0.0931718293	0.2890764876	0	0.5204248022	0.3331021884	0.4672426874	0.1681155902	0.4670850719	0.4198468681	0	0.3740622802	0	0.4290347290	0.2553015099	0.5786886923	0.4317943789	0.3019084154	0.2258912547	0.0047724860	0	0.2077716980	0.3289532325
PWY-6385: peptidoglycan biosynthesis III (mycobacteria)|g__Bacteroides.s__Bacteroides_dorei	0.3532424059	0	0	0	0.0000000110	0.0180148780	0.5316386668	0	0.0000008577	0	0	0.4872339061	0	0.0103577740	0.2343113860	0.0195164937	0.0000000714	0	0	0	0.5447053622	0.0756914313	0.0001703556	0.0001234542	0.0000000000	0.2273022637	0.0000000000	0	0.0000000000	0
PWY-6385: peptidoglycan biosynthesis III (mycobacteria)|g__Bacteroides.s__Bacteroides_vulgatus	0.2405183466	0.1078099975	0.6111908370	0.2444875140	0.0007734496	0.2991036690	0.4883834481	0	0.0011047270	0.0724279525	0	0.4707162389	0.4642328549	0.0049722013	0.0001826690	0.0143131437	0.1695207187	0	0.3291374709	0	0.1127137146	0.0995687710	0.4686774342	0.0000517791	0.0000000000	0.0248224507	0.0000000000	0	0.0000337589	0.3903350667
PWY-6386: UDP-N-acetylmuramoyl-pentapeptide biosynthesis II (lysine-containing)	0.2734795241	0.2604443010	0.4619529705	0.1425724025	0.5638289312	0.4557782132	0.4566673894	0	0.0900169743	0.3176355698	0	0.4657386790	0.6462518191	0.4939876047	0.1453328966	0.4330721997	0.3951241327	0	0.3130445084	0	0.3861387843	0.2165701963	0.6042297272	0.4220024098	0.2919069250	0.1804432740	0.0047616921	0	0.1966549254	0.3973857695
PWY-6386: UDP-N-acetylmuramoyl-pentapeptide biosynthesis II (lysine-containing)|g__Bacteroides.s__Bacteroides_dorei	0.3886589996	0	0	0	0	0.0237145570	0.5376509566	0	0	0	0	0.2241919590	0	0.0104289077	0.1555519840	0.0101322700	0.0000000197	0	0	0	0.5872109318	0.0534331504	0.0000347590	0.0000000243	0.0000000000	0.1851047995	0.0000000000	0	0.0000000000	0
PWY-6386: UDP-N-acetylmuramoyl-pentapeptide biosynthesis II (lysine-containing)|g__Bacteroides.s__Bacteroides_vulgatus	0.2089251039	0.1037909320	0.3925581665	0.1462846442	0.0007425307	0.0063137649	0.5092788377	0	0.0010601208	0.0013577257	0	0.3930531525	0.5215022046	0.0047743217	0.0000000102	0.0001496274	0.0000727286	0	0.2561967822	0	0.1043483680	0.0058946893	0.4487298043	0.0000836087	0.0000000000	0.0000812434	0.0000000000	0	0.0000324082	0.4037141190
PWY-6387: UDP-N-acetylmuramoyl-pentapeptide biosynthesis I (meso-diaminopimelate containing)	0.4012203354	0.2387442997	0.5016501068	0.2533188010	0.5251600827	0.4640221515	0.5258304534	0	0.2631056155	0.3673919924	0	0.4914208829	0.5454796009	0.5158909675	0.2312100958	0.5047471305	0.5236231752	0	0.3333616530	0	0.4661058631	0.2810665334	0.5951101919	0.4350153173	0.4366959433	0.2122662890	0.0074308578	0	0.4089137347	0.3624828418
PWY-6387: UDP-N-acetylmuramoyl-pentapeptide biosynthesis I (meso-diaminopimelate containing)|g__Bacteroides.s__Bacteroides_dorei	0.3669383212	0	0	0	0.0000000088	0.0271108203	0.5661043540	0	0.0000006862	0	0	0.5348534462	0	0.0145448215	0.5456845024	0.1452001086	0.0000000571	0	0	0	0.5820424180	0.0660513626	0.0001450333	0.1219522306	0.0000000000	0.2140578646	0.0000000000	0	0.0000000000	0
PWY-6387: UDP-N-acetylmuramoyl-pentapeptide biosynthesis I (meso-diaminopimelate containing)|g__Bacteroides.s__Bacteroides_vulgatus	0.2710312081	0.2948607467	0.6009311596	0.2631688369	0.3768655235	0.5758451263	0.5254323601	0	0.3203586135	0.1892266060	0	0.4404396099	0.4966494534	0.5112742368	0.0001473613	0.0138598395	0.1642267721	0	0.2886645125	0	0.3326389134	0.3326208656	0.7009462276	0.0000495324	0.0016168089	0.2736425110	0.0006530208	0	0.3910147070	0.4623980113
PWY-6519: 8-amino-7-oxononanoate biosynthesis I	0.0000000000	0	0	0	0.0000000000	0.0000000000	0	0	0.0000000000	0.0000000356	0	0.0000006659	0.0000000000	0	0	0.0000000000	0.0000000000	0	0	0	0.0000000000	0.0000000000	0.0000000000	0.0000000000	0.0000000000	0.0000000000	0	0	0.0000000000	0.0000000000
PWY-6519: 8-amino-7-oxononanoate biosynthesis I|g__Bacteroides.s__Bacteroides_vulgatus	0.0000000000	0	0	0	0.0000000000	0.0000000000	0	0	0.0000000000	0.0000002577	0	0.0000206328	0.0000000000	0	0	0.0000132182	0.0000000000	0	0	0	0.0000000000	0.0000000000	0.0000000000	0.0000178325	0.0000000000	0.0000000000	0	0	0.0000000000	0.0000000001
PWY-6609: adenine and adenosine salvage III	0.9249611400	0.5660258628	0.5975194687	0	0.5795275112	0.6603252074	0.4974290247	0.2983588344	0.1109847338	0.0662636626	0	0.6208953488	0.5779123329	0.3255419318	0.3961406882	0.6304673851	0.4939802128	0	0.5297714128	0	0.8917219980	0.8750255078	0.8627453080	0.2847070634	0.5521691181	0.6448193073	0.0720587625	0	0.2395123916	0.4574273591
PWY-6609: adenine and adenosine salvage III|g__Bacteroides.s__Bacteroides_dorei	0.8940914510	0	0	0	0.0024411900	0	0.2679746772	0	0	0	0	0.3362326037	0.0965813286	0	0.4312025379	0.0097084209	0.0643128879	0	0	0	0.2188903310	0.4393840484	0.3247426432	0.1923447902	0.0000000000	0.1265012349	0.0000000000	0	0.0000000019	0
PWY-6609: adenine and adenosine salvage III|g__Bacteroides.s__Bacteroides_vulgatus	0.7499200920	0.3673794907	0.4316669455	0	0.0017750207	0.3102603284	0.7646565304	0.2426147088	0.0262704726	0.0920737670	0	0.4259131927	0.6570982752	0.0126069439	0.1928194475	0.0785809624	0.1375120315	0	0.3123730830	0	0.7075344085	0.6874610803	0.1087031371	0.0051652775	0.0000000000	0.2695494248	0.0000000000	0	0.0003542208	0.2528792890
PWY-6700: queuosine biosynthesis I (de novo)	0.4416098332	0.3087771364	0.2172708402	0.6707056905	0.4981322993	0.8327784520	0.7316453814	0	0.3633960939	0.4989981224	0	0.9293051729	0.4084369564	0.3545531702	0.5717080792	0.1329941709	0.4650215791	0	0.5445315416	0	0.1675083117	0.2935808727	0.0838175178	0.0059109775	0.0000022106	0.3904638107	0.0053861181	0	0.2072398440	0.8628105421
PWY-6700: queuosine biosynthesis I (de novo)|g__Bacteroides.s__Bacteroides_dorei	0.0375504048	0.9369948052	0.9475097043	0	0.9995731624	0.9692698152	0.9384265964	0	0.9789473528	0.9130343538	0	0.9281286441	0.9809266133	0.9733112604	0.1688704467	0.0000123047	0.9974315817	0	0	0	0.0077980798	0.3304961865	0.9661589952	0.0000001991	0.9999999996	0.9748550739	0.8570382587	0	0.8520052592	0.7599242973
PWY-6700: queuosine biosynthesis I (de novo)|g__Bacteroides.s__Bacteroides_vulgatus	0.9156012218	0.3229801304	0.1358496961	0.6844032543	0.2545969062	0.6924238225	0.2773558664	0	0.1026939394	0.4788751794	0	0.8863158810	0.2656613407	0.0341360021	0.8472045365	0.9999935606	0.0708355203	0	0.4777000511	0	0.9999888289	0.5142469366	0.0383843410	0.9999616548	0.0000000000	0.0835446994	0.0000000182	0	0.0421581981	0.7943858633
PWY-6703: preQ0 biosynthesis	0.4347280955	0.1567535171	0.3959665034	0	0.9511971006	0.3426620857	0.7571673951	0	0.0506905517	0.1057767768	0	0.1520028094	0.5936917774	0.4133536208	0.4334745172	0.5576984093	0.4387562826	0	0.0576754251	0	0.3747178359	0.8818700101	0.5334302450	0.9598417970	0.5568302445	0.5798605882	0.0473083351	0	0.0436760265	0.3308664807
PWY-6703: preQ0 biosynthesis|g__Bacteroides.s__Bacteroides_dorei	0.5022306530	0	0.0159106454	0	0.0000129849	0.0579123772	0.7299446920	0	0.0013465278	0.3203675623	0	0	0.3020962768	0	0.6314536764	0.3652081048	0.0001672285	0	0	0	0.2014894264	0.1963716835	0.0000341617	0.8812400336	0.0000000000	0.1149395343	0.0000000000	0	0.1010783339	0
PWY-6703: preQ0 biosynthesis|g__Bacteroides.s__Bacteroides_vulgatus	0.3548157828	0.1331155415	0.5969182539	0	0.7955162023	0.5472823328	0.7463978866	0	0.3703479968	0.1619796917	0	0.2731402995	0.7294949010	0.3579934819	0.3910752800	0.0056401553	0.7140903263	0	0.0663279740	0	0.4547834157	0.9795391159	0.8127012020	0.0012767483	0.5574715419	0.8447048461	0.7205254830	0	0.5242828075	0.2765209103
PWY-6902: chitin degradation II (Vibrio)	0.0000000000	0.0018643110	0.0000000334	0	0.0000000000	0.0000042234	0	0	0.0000000000	0.0000111673	0	0.0347895883	0.0040424160	0.0000007123	0.0000000000	0.0000000000	0.0000012165	0	0	0	0.0000000000	0.0000000323	0.0000000000	0.0000000000	0.0000000000	0.0000000000	0.0000000000	0	0.0000000000	0.0001249821
PWY-6902: chitin degradation II (Vibrio)|g__Bacteroides.s__Bacteroides_vulgatus	0.0004277107	0.0088901061	0.0000031514	0	0.0000000000	0.0000616589	0	0	0.0000000000	0.0000490237	0	0.1261172635	0.0223963649	0.0000050537	0.0000000136	0.0000000000	0.0001056087	0	0	0	0.0000000000	0.0735964921	0.0000000000	0.0000000000	0.0000000000	0.0000000000	0.0000000000	0	0.0000000000	0.0009727152
PWY-7111: pyruvate fermentation to isobutanol (engineered)	0.0000000000	0.0000001437	0	0	0	0	0	0	0	0	0	0	0	0	0.0000000000	0	0.0000000000	0	0	0	0	0	0	0	0	0	0	0	0	0
PWY-7111: pyruvate fermentation to isobutanol (engineered)|g__Bacteroides.s__Bacteroides_vulgatus	0.0000000000	0.0000025412	0	0	0	0	0	0	0	0	0	0	0	0	0.0000000000	0	0.0000000000	0	0	0	0	0	0	0	0	0	0	0	0	0
PWY-7199: pyrimidine deoxyribonucleosides salvage	0.0010674695	0.2872181855	0.1111251580	0	0.9508370352	0.1148054551	0.7675997659	0	0.6253998248	0.6110677424	0	0.7802922959	0.4288553091	0.3174834174	0.0447592797	0.0232927724	0.7864244153	0	0.6285601186	0	0.9653510878	0.3591682195	0.9991143536	0.0327580538	0.0029639822	0.0256948932	0.0000004640	0	0.0140698850	0.7350468253
PWY-7199: pyrimidine deoxyribonucleosides salvage|g__Bacteroides.s__Bacteroides_dorei	0.0282602190	0	0	0	0	0	0.1159635554	0	0	0	0	0.2381668309	0	0	0.0221060460	0.0490848334	0	0	0	0	0.3999818964	0.0130299867	0	0.1917633228	0.0000000000	0.0000124930	0.0000000000	0	0	0
PWY-7199: pyrimidine deoxyribonucleosides salvage|g__Bacteroides.s__Bacteroides_vulgatus	0.0086213223	0.0007604705	0.0222166682	0	0.9904974714	0.2763722718	0.4476220948	0	0.9304999554	0.7100923859	0	0.8512028205	0.6826118774	0.3836295321	0.1211287769	0.0128604275	0.9362094975	0	0.6507324286	0	0.9926603033	0.8724574608	0.9999640777	0.0000495749	0.4552986563	0.1932732803	0.0561394241	0	0.2199184486	0.8627953292
PWY-7220: adenosine deoxyribonucleotides de novo biosynthesis II	0.8501443265	0.8631393080	0.0687692388	0.7566960950	0.4568097049	0.9567885703	0.7745649540	0	0.7380134705	0.6220872399	0	0.3074117854	0.0903988866	0.4753970068	0.7328751474	0.6824427099	0.9764413081	0	0.9631698791	0	0.6813880429	0.3113588580	0.9957724260	0.9921296649	0.9999839413	0.7258032398	1.0000000000	0	0.6958055265	0.7273482288
PWY-7220: adenosine deoxyribonucleotides de novo biosynthesis II|g__Bacteroides.s__Bacteroides_dorei	0.7443403190	0	0	0	0	0.1245817880	0.1579100884	0	0	0	0	0.3618937354	0	0	0.5225748273	0.8658607310	0.0156007984	0	0	0	0.2605994056	0.3972231312	0.0127211113	0.9993013746	0.1162994195	0.0716217839	0.6240639104	0	0	0
PWY-7220: adenosine deoxyribonucleotides de novo biosynthesis II|g__Bacteroides.s__Bacteroides_vulgatus	0.7975039954	0.9357527669	0.2583641396	0.8248729336	0.7431640102	0.9797158023	0.7574388919	0	0.9604073711	0.7254585817	0	0.3997702774	0.2389092632	0.6170930565	0.8204794348	0.0009879670	0.9949634092	0	0.9647705188	0	0.8889841689	0.4619345321	0.9995580170	0.0009916314	0.9999999330	0.8693877462	1.0000000000	0	0.9808010777	0.8547186036
PWY-7221: guanosine ribonucleotides de novo biosynthesis	0.8652157566	0.8655003811	0.7996064811	0.6432328277	0.8297291077	0.9649136397	0.5562134176	0.6787460298	0.7862266404	0.8601359226	0	0.9080741065	0.4936682069	0.5950469320	0.9514374902	0.9896880098	0.8683557196	0	0.8890362297	0	0.7413754688	0.9626338797	0.9960706153	0.9996373491	0.9999879420	0.9670137249	0.9999999729	0	0.9895076033	0.9000794365
PWY-7221: guanosine ribonucleotides de novo biosynthesis|g__Bacteroides.s__Bacteroides_dorei	0.7679225455	0	0.0363287188	0.4239328729	0.3068380472	0.4210509232	0.6371151125	0	0.0008912270	0.7922623300	0	0.4133486254	0.0972761187	0.0009621431	0.9706809195	0.9854051537	0.2917164075	0	0	0	0.8790887317	0.6116827149	0.6294144979	0.9994473713	0.1492495162	0.9038659930	0.6888003383	0	0.0028438154	0
PWY-7221: guanosine ribonucleotides de novo biosynthesis|g__Bacteroides.s__Bacteroides_vulgatus	0.8029491762	0.9340455968	0.7073448284	0.6258529135	0.7438495768	0.9684280927	0.4325827445	0.7455075087	0.9124934336	0.7931985262	0	0.9224415787	0.6547618685	0.6084582379	0.8412002602	0.5417638735	0.8562018038	0	0.8774508408	0	0.8645935993	0.9487097323	0.9963617732	0.0888442600	0.9999999497	0.8921160403	0.9999959247	0	0.9750327182	0.9405405125
PWY-7222: guanosine deoxyribonucleotides de novo biosynthesis II	0.8501443265	0.8631393080	0.0687692388	0.7566960950	0.4568097049	0.9567885703	0.7745649540	0	0.7380134705	0.6220872399	0	0.3074117854	0.0903988866	0.4753970068	0.7328751474	0.6824427099	0.9764413081	0	0.9631698791	0	0.6813880429	0.3113588580	0.9957724260	0.9921296649	0.9999839413	0.7258032398	1.0000000000	0	0.6958055265	0.7273482288
PWY-7222: guanosine deoxyribonucleotides de novo biosynthesis II|g__Bacteroides.s__Bacteroides_dorei	0.7443403190	0	0	0	0	0.1245817880	0.1579100884	0	0	0	0	0.3618937354	0	0	0.5225748273	0.8658607310	0.0156007984	0	0	0	0.2605994056	0.3972231312	0.0127211113	0.9993013746	0.1162994195	0.0716217839	0.6240639104	0	0	0
PWY-7222: guanosine deoxyribonucleotides de novo biosynthesis II|g__Bacteroides.s__Bacteroides_vulgatus	0.7975039954	0.9357527669	0.2583641396	0.8248729336	0.7431640102	0.9797158023	0.7574388919	0	0.9604073711	0.7254585817	0	0.3997702774	0.2389092632	0.6170930565	0.8204794348	0.0009879670	0.9949634092	0	0.9647705188	0	0.8889841689	0.4619345321	0.9995580170	0.0009916314	0.9999999330	0.8693877462	1.0000000000	0	0.9808010777	0.8547186036
PWY-7228: superpathway of guanosine nucleotides de novo biosynthesis I	0.8711395046	0.8747054885	0.1273062346	0.6838053692	0.5970457402	0.9656870177	0.6226871723	0	0.7873938495	0.7300266018	0	0.4612940199	0.1566935041	0.5449762576	0.8337080504	0.8089602527	0.9032610709	0	0.9138653615	0	0.7406752995	0.4719053387	0.9963222713	0.9959168233	0.9999879466	0.8325909494	0.9999999820	0	0.8178143628	0.8075256341
PWY-7228: superpathway of guanosine nucleotides de novo biosynthesis I|g__Bacteroides.s__Bacteroides_dorei	0.7739602966	0	0	0	0	0.1994048503	0.2557505990	0	0	0	0	0.4127473170	0	0	0.6814958872	0.9238483609	0.0298972170	0	0	0	0.4057603666	0.5061479429	0.0249847095	0.9994568938	0.1492593019	0.1329156913	0.6888001877	0	0	0
PWY-7228: superpathway of guanosine nucleotides de novo biosynthesis I|g__Bacteroides.s__Bacteroides_vulgatus	0.8149401711	0.9396382408	0.3885931012	0.6840632915	0.7589252679	0.9737950133	0.5102312300	0	0.9308920582	0.7734317545	0	0.5612483829	0.3603372611	0.6312636888	0.8470616543	0.0019724627	0.8982857644	0	0.9056444780	0	0.8805697581	0.6240158774	0.9974615741	0.0019678705	0.9999999497	0.8943112269	0.9999972831	0	0.9785073245	0.8996843647
PWY-7229: superpathway of adenosine nucleotides de novo biosynthesis I	0.4060512153	0.1195723305	0.1956011111	0.5668082631	0.2036659529	0.1796848496	0.0615596669	0	0.4090995899	0.2508042397	0	0.2369525560	0.2201032251	0.3035584119	0.0184399221	0.0633584931	0.0334685172	0	0.2320350935	0	0.0020547023	0.2547100982	0.0834054503	0.2553758741	0.0000059991	0.2375918427	0.0003029901	0	0.0009630024	0.0931362741
PWY-7229: superpathway of adenosine nucleotides de novo biosynthesis I|g__Bacteroides.s__Bacteroides_dorei	0.5609121169	0	0	0	0	0	0.2902278089	0	0	0	0	0.5070266213	0	0	0.0821713459	0.1868288065	0.0179125715	0	0	0	0.5090783606	0.4388364856	0.0129948132	0.3313291724	0.0000000000	0.1902794491	0.0000000000	0	0	0
PWY-7229: superpathway of adenosine nucleotides de novo biosynthesis I|g__Bacteroides.s__Bacteroides_vulgatus	0.0687241555	0.2439498573	0.4647574812	0.5904335840	0.1101676528	0.3485446708	0.0558813236	0	0.3898114042	0.2445304711	0	0.2497291707	0.3288580478	0.4419507621	0.1296403172	0.0024625436	0.1323090769	0	0.2551664101	0	0.0000059475	0.1840464880	0.1867224007	0.0036641866	0.0000000000	0.2057179902	0.0000317028	0	0.0005724000	0.1274044170
PWY-7663: gondoate biosynthesis (anaerobic)	0.0000000000	0.0000000007	0.0000033319	0.2610662982	0.0000000000	0.0000000059	0	0	0.0000000000	0.0214308509	0	0.0000007917	0.0000003461	0.0044144285	0.0000000000	0.0000000000	0.0000000000	0	0	0	0.0000000000	0.0000000000	0.0000000000	0.0000000000	0.0000000000	0.0000000000	0.0000000000	0	0.0000000000	0.0000111392
PWY-7663: gondoate biosynthesis (anaerobic)|g__Bacteroides.s__Bacteroides_dorei	0.0007578582	0	0	0	0.0031993581	0	0	0	0.0034631902	0	0	0	0	0	0	0	0	0	0	0	0.0000000000	0.0000000000	0.0000001026	0	0.0000000000	0.0000004511	0	0	0.0000007151	0
PWY-7663: gondoate biosynthesis (anaerobic)|g__Bacteroides.s__Bacteroides_vulgatus	0.0000000027	0.0000000217	0.0001465034	0.2321452886	0.0000000000	0.0000002037	0	0	0.0000000093	0.0440779466	0	0.0000234584	0.0000087589	0.0135069204	0.0000000000	0.0038089927	0.0000000002	0	0	0	0.0043430138	0.0000000000	0.0000000003	0.0049566455	0.0000000000	0.0000000009	0.0000000000	0	0.0000000000	0.0001272153
PWY-7664: oleate biosynthesis IV (anaerobic)	0.0000000000	0	0	0	0.0000000000	0.0000000000	0	0	0.0000000000	0.0000000340	0	0.0000006122	0.0000000000	0	0	0.0000000000	0.0000000000	0	0	0	0.0000000000	0.0000000000	0.0000000000	0.0000000000	0.0000000000	0.0000000000	0	0	0.0000000000	0.0000000000
PWY-7664: oleate biosynthesis IV (anaerobic)|g__Bacteroides.s__Bacteroides_vulgatus	0.0000000000	0	0	0	0.0000000000	0.0000000000	0	0	0.0000000000	0.0000002460	0	0.0000189378	0.0000000000	0	0	0.0000126095	0.0000000000	0	0	0	0.0000000000	0.0000000000	0.0000000000	0.0000170111	0.0000000000	0.0000000000	0	0	0.0000000000	0.0000000001
PWY-7790: UMP biosynthesis II	0.0953813046	0.2677212147	0.1094325227	0	0.1729903624	0.0072603052	0.0309220385	0	0.1065919133	0.2925133884	0	0.0535674130	0.0068107529	0.0360457425	0.0000121097	0.0334217865	0.0000372522	0	0.2668532125	0	0.0000303164	0.0002801378	0.0332781564	0.0002135792	0.0000000000	0.0322771161	0.0003365551	0	0.0043583963	0.1419098270
PWY-7790: UMP biosynthesis II|g__Bacteroides.s__Bacteroides_dorei	0.0401009090	0	0	0	0.0000000584	0	0.1380553623	0	0	0	0	0.3541144953	0	0	0.1008988969	0.0767968270	0.0000002217	0	0	0	0.0577689636	0.1460802757	0.0000764988	0.0003843374	0.0000000000	0.0192522105	0.0000000000	0	0.0000000000	0
PWY-7790: UMP biosynthesis II|g__Bacteroides.s__Bacteroides_vulgatus	0.3320242415	0.3065210182	0.2361461503	0	0.1563344821	0.0089524074	0.2002905446	0	0.0178275983	0.3689328949	0	0.0991809742	0.0378191327	0.0640535471	0.0000092724	0.0002718441	0.0001120457	0	0.2856946421	0	0.0000885230	0.0005851800	0.1355903794	0.0004456571	0.0000000000	0.0121075508	0.0011379608	0	0.0370797420	0.1917116788
PWY-7791: UMP biosynthesis III	0.1797107783	0.2677212147	0.1094325227	0	0.1729903624	0.0799071108	0.4017846171	0	0.1065919133	0.2925133884	0	0.4333439180	0.0228838512	0.0360457425	0.0000121097	0.0334217865	0.0003923512	0	0.2668532125	0	0.0000303164	0.0150311360	0.0332781564	0.0002135792	0.0000000000	0.0322771161	0.0003365551	0	0.0043583963	0.1419098270
PWY-7791: UMP biosynthesis III|g__Bacteroides.s__Bacteroides_dorei	0.2495802750	0	0.0084242574	0	0.0328675724	0	0.3866843891	0	0.0108035512	0.2688569168	0	0.3789310723	0.0418633360	0.0046373739	0.1008988969	0.0767968270	0.3503594994	0	0	0	0.0577689636	0.1460802757	0.0000764988	0.0003843374	0.0000000000	0.0371381356	0.0000000000	0	0.0000000000	0
PWY-7791: UMP biosynthesis III|g__Bacteroides.s__Bacteroides_vulgatus	0.3320242415	0.3065210182	0.2361461503	0	0.1878592010	0.1628839555	0.2002905446	0	0.0178275983	0.3689328949	0	0.5218671945	0.0605853638	0.0640535471	0.0000092724	0.0002718441	0.0007290768	0	0.2856946421	0	0.0000885230	0.2095819637	0.1355903794	0.0004456571	0.0000000000	0.0121075508	0.0011379608	0	0.0370797420	0.1917116788
PWY-7851: coenzyme A biosynthesis II (eukaryotic)	0.1930325845	0.0202329575	0.0429680015	0.1186293858	0.1276385427	0.0006570384	0.3612317379	0	0.0091740316	0.0001368703	0	0.2151642152	0.0531365321	0.2324362581	0.0003140548	0.0000000861	0.0012106145	0	0.3253349154	0	0.0027563411	0.0526283367	0.0091546469	0.0000000025	0.0000000000	0.2266294969	0.0000000000	0	0.0000860180	0.0750829240
PWY-7851: coenzyme A biosynthesis II (eukaryotic)|g__Bacteroides.s__Bacteroides_dorei	0.1978604257	0	0	0	0	0	0.4754791299	0	0	0	0	0.3794466355	0	0	0.1132635026	0.0000000343	0	0	0	0	0.0228983662	0.2813310533	0.0000000000	0.0000000000	0	0.0007317534	0.0000000000	0	0	0
PWY-7851: coenzyme A biosynthesis II (eukaryotic)|g__Bacteroides.s__Bacteroides_vulgatus	0.1702056653	0.0008580740	0.1054434508	0.1835956780	0.0000000135	0.0000011576	0.3945175911	0	0.0000004306	0.0000303474	0	0.0465298741	0.0411672529	0.0682417372	0.0000012625	0.0121822729	0.0000000011	0	0.0289907526	0	0.0000000421	0.0075541416	0.0004062650	0.0012136023	0.0000000000	0.0194802244	0.0000000000	0	0.0000000252	0.0671380084
PWY-7953: UDP-N-acetylmuramoyl-pentapeptide biosynthesis III (meso-diaminopimelate containing)	0.3904208325	0.1774999141	0.4931541864	0.1183702705	0.3984032478	0.4198783198	0.3791788671	0	0.0685398537	0.3507677684	0	0.4474006463	0.2647849549	0.4090156178	0.1242714261	0.3868174167	0.3451464187	0	0.2455735963	0	0.3548077836	0.1998683321	0.5041900192	0.3648524923	0.2331109127	0.1399117999	0.0033465530	0	0.1582496330	0.2713490328
PWY-7953: UDP-N-acetylmuramoyl-pentapeptide biosynthesis III (meso-diaminopimelate containing)|g__Bacteroides.s__Bacteroides_dorei	0.3981576261	0	0	0	0	0.0301856990	0.5203603461	0	0.0000016268	0	0	0.5340353425	0	0.0187512997	0.0794318487	0.0075206414	0.0000000112	0	0	0	0.5449027240	0.0387811587	0.0000182580	0.0000000178	0.0000000000	0.1817521249	0.0000000000	0	0.0000000000	0
PWY-7953: UDP-N-acetylmuramoyl-pentapeptide biosynthesis III (meso-diaminopimelate containing)|g__Bacteroides.s__Bacteroides_vulgatus	0.2492436378	0.0796824934	0.3435581407	0.1229664335	0.0005415667	0.0046155500	0.4340868512	0	0.0007736062	0.0009920336	0	0.3750470762	0.3830413995	0.0034871846	0.0000000075	0.0281287987	0.0000530370	0	0.2134988131	0	0.0819441230	0.0043197856	0.3831533258	0.0000007879	0.0000000000	0.0000592422	0.0000000000	0	0.0000236315	0.3198049813
PWY-7977: L-methionine biosynthesis IV	0.1392236423	0.0758435441	0.0504926155	0.2266302478	0.1715220110	0.2917253548	0.3832072641	0.2537435436	0.6763585881	0.4460731188	0	0.1956893947	0.4299852460	0.1729337247	0.1126658220	0.2332778637	0.0050392328	0	0.2667589226	0	0.0004392012	0.0617015576	0.0083794830	0.0315736034	0.0002581167	0.1404556345	0.9062252544	0	0.2221894159	0.2250485742
PWY-7977: L-methionine biosynthesis IV|g__Bacteroides.s__Bacteroides_dorei	0.2102947121	0.8088684119	0.6928584211	0.7876754533	0.9993681297	0.6029527187	0.7676452003	0.4231175248	0.0275128698	0.6731360878	0	0.1535012311	0.7524557104	0.8157747546	0.4007539971	0.0211222658	0.0267479364	0	0.4637708982	0	0.0319560302	0.7299433824	0.8628110053	0.0000079477	0.0000000000	0.8870240638	0.9998859604	0	0.3576502317	0.7311756871
PWY-7977: L-methionine biosynthesis IV|g__Bacteroides.s__Bacteroides_vulgatus	0.2242565848	0.0216019622	0.0421378274	0.0844694224	0.0054453957	0.1032537182	0.1122271639	0.2454267987	0.0041581790	0.2870376299	0	0.1950461438	0.3144163721	0.0491682465	0.1513329897	0.7974358956	0.0004373242	0	0.1879638906	0	0.0039576430	0.0295923539	0.0009933072	0.7608769556	0.0000000000	0.0345141132	0.0000741947	0	0.0004366591	0.1861763946
PWY0-1319: CDP-diacylglycerol biosynthesis II	0.2777282920	0.5399524694	0.0807229241	0.2511141058	0.0323764955	0.0402600626	0.1927365665	0.6020562550	0.3219050400	0.5528706076	0	0.2762861265	0.4052368414	0.3057419303	0.2886639565	0.0059009674	0.0039406900	0	0	0	0.0140663398	0.1256843029	0.0186724139	0.0048234766	0.2385268232	0.2226518970	0.0104090383	0	0.0426896548	0.1935359192
PWY0-1319: CDP-diacylglycerol biosynthesis II|g__Bacteroides.s__Bacteroides_dorei	0.0583075582	0	0	0	0.0000000000	0	0	0	0	0	0	0.1045397979	0	0	0.0600713209	0.0004319838	0	0	0	0	0.0071172370	0.0248122432	0.0000022867	0.0367807819	0.0000000000	0.0480571064	0.0000000000	0	0	0
PWY0-1319: CDP-diacylglycerol biosynthesis II|g__Bacteroides.s__Bacteroides_vulgatus	0.5713163304	0.7128520433	0.2845049928	0.3590217791	0.1208549619	0.1297862584	0.3923439885	0.6318223508	0.6358589052	0.6663489038	0	0.4328308552	0.6318355337	0.4512653419	0.4236926428	0.0083247909	0.0472719025	0	0	0	0.2349903856	0.3061879348	0.0965521804	0.0004117731	0.6693436091	0.3395099651	0.4209493499	0	0.4234935244	0.3719578194
PWY0-1586: peptidoglycan maturation (meso-diaminopimelate containing)	0.1507229846	0.0219918042	0.2329755818	0.1496821632	0.0007831371	0.2042163332	0	0	0.0000041997	0.1000073350	0	0.7994665548	0.0018952102	0.0006606140	0.0011692929	0.0032486943	0.1452935968	0	0.6140085429	0	0.0001059955	0.1103746889	0.0000001971	0.0000011716	0.0000000000	0.2711367653	0.0000000000	0	0.0000021755	0.0000081420
PWY0-1586: peptidoglycan maturation (meso-diaminopimelate containing)|g__Bacteroides.s__Bacteroides_dorei	0.3044785514	0	0.0117036361	0	0.9905877448	0.6005796198	0	0	0.0003741156	0.5675818102	0	0.6641034108	0.0874482297	0	0.1216909348	0.0083050629	0.5776850088	0	0	0	0.4789419495	0.6479473179	0.4486269687	0.0000494036	0.9807695368	0.3514179976	0.0002832017	0	0.1552247967	0.4621233375
PWY0-1586: peptidoglycan maturation (meso-diaminopimelate containing)|g__Bacteroides.s__Bacteroides_vulgatus	0.0839041663	0.0034947064	0.4545988674	0.2365015713	0.0000012804	0.1958043533	0	0	0.0000130221	0.0361844550	0	0.7065556503	0.0048132520	0.0004922358	0.0042584678	0.0049107759	0.1929686338	0	0.6359857660	0	0.0000000365	0.0472069599	0.0000000285	0.0000595004	0.0000000000	0.0104049020	0.0000000000	0	0.0000099851	0.0000024384
PWY0-862: (5Z)-dodecenoate biosynthesis I	0.0000000000	0	0	0	0.0000000000	0.0000000000	0	0	0.0000000000	0.0000000291	0	0.0000005899	0.0000000000	0	0	0.0000000000	0.0000000000	0	0	0	0.0000000000	0.0000000000	0.0000000000	0.0000000000	0.0000000000	0.0000000000	0	0	0.0000000000	0.0000000000
PWY0-862: (5Z)-dodecenoate biosynthesis I|g__Bacteroides.s__Bacteroides_vulgatus	0.0000000000	0	0	0	0.0000000000	0.0000000000	0	0	0.0000000000	0.0000002109	0	0.0000183485	0.0000000000	0	0	0.0000108082	0.0000000000	0	0	0	0.0000000000	0.0000000000	0.0000000000	0.0000145809	0.0000000000	0.0000000000	0	0	0.0000000000	0.0000000001
PWY66-429: fatty acid biosynthesis initiation (mitochondria)	0.9578857199	0.3580181618	0.1056998903	0.6537960415	0.1343075570	0.2899128489	0	0	0.4976918488	0.0514053680	0	0.9335393968	0.3267326182	0.0154820640	0.4568033152	0.3889369837	0.1095853005	0	0.6331065521	0	0.3336547557	0.4798229116	0.0042391112	0.2963061941	0.0007842908	0.4184628914	0.0539373182	0	0.0934606055	0.2487871534
PWY66-429: fatty acid biosynthesis initiation (mitochondria)|g__Bacteroides.s__Bacteroides_dorei	0.9617851882	0.7401842819	0.4639156282	0.8795762881	0.0782170131	0.6311261412	0	0	0.9930069860	0.5812949860	0	0.4272932465	0.4118093572	0.0054835545	0.8711384277	0.3156585246	0.4699655194	0	0.8070711905	0	0.2809514471	0.3987896534	0.2968462015	0.3785887837	0.0000000000	0.1822007948	0.0000000000	0	0.4159926560	0
PWY66-429: fatty acid biosynthesis initiation (mitochondria)|g__Bacteroides.s__Bacteroides_vulgatus	0.8042417317	0.3203229665	0.1989270484	0.1664174374	0.2189916980	0.3372356626	0	0	0.1864124686	0.0519970520	0	0.9631465834	0.4470854510	0.0322126012	0.2296731918	0.5729432171	0.1831975989	0	0.5400927632	0	0.5876767090	0.7082888437	0.0090802604	0.2021775584	0.0002780967	0.5921107352	0.0954639967	0	0.1554523671	0.4486750411
PYRIDNUCSYN-PWY: NAD de novo biosynthesis I (from aspartate)	0.3908421217	0.1883673737	0.1290465899	0.3107246973	0.1859563591	0.0902367084	0.0726975133	0.4190838247	0.3638296137	0.0035481023	0	0.4311541002	0.6520529259	0.1375106916	0.0000299334	0.0075647940	0.0506851153	0	0.3677818780	0	0.0012423313	0.1978609679	0.0309198189	0.0730018902	0.0000226498	0.4356110823	0.0000005112	0	0.0097831434	0.2620319000
PYRIDNUCSYN-PWY: NAD de novo biosynthesis I (from aspartate)|g__Bacteroides.s__Bacteroides_dorei	0.3031001128	0	0	0	0	0	0.2922217887	0	0.0000000004	0	0	0	0	0	0.1413553163	0.0081245032	0	0	0	0	0.0047356296	0.3342754244	0	0.0142450805	0.0000000000	0.2702717096	0.0000000000	0	0	0
PYRIDNUCSYN-PWY: NAD de novo biosynthesis I (from aspartate)|g__Bacteroides.s__Bacteroides_vulgatus	0.2442362043	0.2687492135	0.3583522791	0.3154338633	0.3863683322	0.2083483856	0.0801670348	0.3579698838	0.5017495573	0.0057272141	0	0.3072270618	0.6560480854	0.1484024286	0.0000924406	0.0002567352	0.0587281118	0	0.3059437475	0	0.0989193835	0.2531703210	0.2033430724	0.0043047104	0.1134671719	0.4267080863	0.0004024421	0	0.1864108772	0.4090784397
RHAMCAT-PWY: L-rhamnose degradation I	0.8397314634	0.0740195252	0.3194784133	0.3830046978	0.7338866006	0.0047904257	0.2165757737	0.5793667644	0.2379268236	0.0678906725	0	0.6116889212	0.0071549896	0.6269838336	0.0950396628	0.1134490873	0.4374077638	0	0.5673570174	0	0.6012106401	0.0000289830	0.8118113377	0.0724557212	0.0684741754	0.5978413369	0.0002140415	0	0.0043100048	0.5561737181
RHAMCAT-PWY: L-rhamnose degradation I|g__Bacteroides.s__Bacteroides_dorei	0.6586872506	0	0	0	0.0000000087	0	0	0	0.0000006797	0	0	0.1712380188	0	0	0.0244715147	0.2732665181	0.0001375657	0	0	0	0.4396486122	0.0090787410	0.0037426748	0.3494512735	0.0000000000	0.0784225111	0.0000000000	0	0.0000000000	0
RHAMCAT-PWY: L-rhamnose degradation I|g__Bacteroides.s__Bacteroides_vulgatus	0.8355316832	0.1554814416	0.6197384912	0.4920164578	0.8912371873	0.0242998490	0.2338097155	0.5744603203	0.5901191544	0.1251312951	0	0.7367762678	0.0365434792	0.7450038370	0.4936032011	0.0016368611	0.7081114700	0	0.5903642635	0	0.5709935061	0.0014562995	0.9216835907	0.0000000014	0.9275347677	0.7587438898	0.3399500251	0	0.0806375670	0.6930817013
RIBOSYN2-PWY: flavin biosynthesis I (bacteria and plants)	0.0135324973	0.2395991287	0.1583678529	0.1173317062	0.0004563141	0.0005539301	0.0527045015	0	0.0001978685	0.0516503397	0	0.0000199475	0.0000001261	0.2445674855	0.0000110264	0.0052357148	0.0181256372	0	0	0	0.0000000018	0.1116622575	0.0001434777	0.0001223267	0.0000000000	0.2720711123	0.0000000000	0	0.0000001333	0.0003030598
RIBOSYN2-PWY: flavin biosynthesis I (bacteria and plants)|g__Bacteroides.s__Bacteroides_dorei	0.0025533620	0	0	0	0	0	0	0	0	0	0	0	0	0	0.0018904966	0.0530459700	0	0	0	0	0.0012472579	0.0145590126	0.0001785979	0.0025831209	0	0.0031920495	0.0000000000	0	0	0
RIBOSYN2-PWY: flavin biosynthesis I (bacteria and plants)|g__Bacteroides.s__Bacteroides_vulgatus	0.3732978839	0.3230376465	0.4250628021	0.2005908110	0.0046764353	0.0046383986	0.4210527685	0	0.0019990883	0.0640670908	0	0.0003984733	0.0000000362	0.3959119890	0.0035741286	0.0000372207	0.1534522132	0	0	0	0.0000000011	0.3510579985	0.0029347461	0.0000000138	0.0000000000	0.4839411008	0.0000000000	0	0.0005190762	0.0024208003
SER-GLYSYN-PWY: superpathway of L-serine and glycine biosynthesis I	0.0098062493	0.1011031331	0.0135635399	0.0904708788	0.0003216656	0.0704651273	0.2707029745	0	0.0018115242	0.1961272374	0	0.0064536676	0.0150127098	0.0115519377	0.0061236428	0.0000128857	0.0000863664	0	0.3125534169	0	0.0000000944	0.0000024965	0.0000217639	0.0000253584	0.0000000000	0.0290640425	0.0000000000	0	0.0000003994	0.0529971922
SER-GLYSYN-PWY: superpathway of L-serine and glycine biosynthesis I|g__Bacteroides.s__Bacteroides_dorei	0.0436739785	0.0185679750	0.0007971881	0	0.0003380628	0	0.4202632257	0	0.0002015231	0	0	0.1362423665	0	0.0010757457	0.0145034799	0.0000204065	0.0118426079	0	0	0	0.0001702520	0.0017628472	0.0024574340	0.0001224784	0.0000000000	0.2804490582	0.0000000000	0	0.0000001882	0
SER-GLYSYN-PWY: superpathway of L-serine and glycine biosynthesis I|g__Bacteroides.s__Bacteroides_vulgatus	0.0500485304	0.1573069870	0.0743876907	0.0812676374	0.0002542114	0.1252433938	0.3619743092	0	0.0085979699	0.2932639912	0	0.0095113549	0.0357025334	0.0136010761	0.0140770944	0.0032481497	0.0008601031	0	0.2650899847	0	0.0000098606	0.0006069388	0.0003606563	0.0000086096	0.0000000000	0.0354751462	0.0000000000	0	0.0000028848	0.1165540285
THRESYN-PWY: superpathway of L-threonine biosynthesis	0.1760349264	0.1010377464	0.0294136701	0.1957989833	0.2238356816	0.3530621518	0.3936871249	0.4435492421	0.1411009839	0.2511448254	0	0.2436426438	0.3852805868	0.2212815356	0.1483117419	0.0617401930	0.0075002076	0	0.3201381547	0	0.0006580690	0.0763005257	0.0124343891	0.0343444395	0.0003514167	0.1791777471	0.0049604543	0	0.1147786629	0.2665047394
THRESYN-PWY: superpathway of L-threonine biosynthesis|g__Bacteroides.s__Bacteroides_dorei	0.2339162370	0.0880441727	0.0085605674	0.4684999969	0.0002903740	0.0411089284	0.5458434681	0.4219654149	0.0048273124	0.3882725835	0	0.1641919854	0.1332644018	0.1290816358	0.4299245247	0.0285809843	0.1361093225	0	0	0	0.0450057110	0.0892359964	0.0056792615	0.0000119211	0.0000000145	0.4960440388	0.0000000000	0	0.0000000000	0.2757030036
THRESYN-PWY: superpathway of L-threonine biosynthesis|g__Bacteroides.s__Bacteroides_vulgatus	0.2676175545	0.0285518950	0.0526404643	0.0992457092	0.0080628076	0.1399601375	0.1235541920	0.3875732935	0.0061831858	0.1580288951	0	0.2481547574	0.3165170573	0.0698938784	0.0943243824	0.0245155070	0.0006520996	0	0.2335547487	0	0.0007028898	0.0043937732	0.0014827273	0.0287679139	0.0000000000	0.0051997702	0.0001028376	0	0.0006541739	0.1947376113
TRNA-CHARGING-PWY: tRNA charging	0.0610621671	0.0296613891	0.0886058029	0	0.0036082225	0.1608955130	0.0842250557	0	0.0027841202	0.2447525814	0	0.0604603221	0.0075449337	0.1694845259	0.0097000069	0.0001481815	0.0012172952	0	0.3187920613	0	0.0000000323	0.0010297208	0.0001647321	0.0000872604	0.0000000000	0.0573943442	0.0000000000	0	0.0003705669	0.0379557162
TRNA-CHARGING-PWY: tRNA charging|g__Bacteroides.s__Bacteroides_dorei	0.1466591187	0	0	0	0	0	0	0	0.0009227941	0	0	0.2597735385	0	0	0.1811150416	0.0000391431	0	0	0	0	0.0000000000	0.0654515310	0.0000000000	0.0000044053	0.0000000000	0.0305887242	0.0000000000	0	0.0000000002	0
TRNA-CHARGING-PWY: tRNA charging|g__Bacteroides.s__Bacteroides_vulgatus	0.0000182870	0.0000057966	0.0000000002	0	0.0000000000	0.0000000179	0	0	0.0000000000	0.0000000084	0	0.0000383148	0.0000014570	0.0000000016	0.0000000103	0.0021562439	0.0000000000	0	0	0	0.0000000000	0.0000000000	0.0000000000	0.0000224293	0.0000000000	0.0000000000	0.0000000000	0	0.0000000000	0.0000134247
VALSYN-PWY: L-valine biosynthesis	0.0175840997	0.0353999691	0.0061281521	0.1020214457	0.0066553380	0.0722762881	0	0	0.0108582973	0.0707201943	0	0.1789439058	0.0259631352	0.0294875241	0.0056571150	0.0048137658	0.0017980973	0	0	0	0.0000572986	0.0012614125	0.0000814893	0.0042726017	0.0000000000	0.0117925022	0.0000000000	0	0.0000173853	0.1011737156
VALSYN-PWY: L-valine biosynthesis|g__Bacteroides.s__Bacteroides_dorei	0.1100143742	0	0.0001732012	0	0.0000000014	0	0	0	0.0000001759	0	0	0.1686965216	0	0	0.0714039830	0.0135394235	0.0000005909	0	0	0	0.0612308369	0.0266559155	0.0001180951	0.0239550512	0.0000000000	0.0249209024	0.0000000000	0	0.0000000000	0
VALSYN-PWY: L-valine biosynthesis|g__Bacteroides.s__Bacteroides_vulgatus	0.0453373140	0.0955078463	0.0438973054	0.0818367709	0.0402121849	0.1953574098	0	0	0.1160493815	0.1267730749	0	0.2843616392	0.0975612791	0.0648944808	0.0090842943	0.0006491208	0.0222508461	0	0	0	0.0000202523	0.0233079307	0.0023246319	0.0000445733	0.0000000000	0.0519960118	0.0000001954	0	0.0057082312	0.2218276624
