# Pathway	DM001.concat_Abundance	DM002.concat_Abundance	DM004.concat_Abundance	DM007.concat_Abundance	DM008.concat_Abundance	DM019.concat_Abundance	DM025.concat_Abundance	DM046.concat_Abundance	DM051.concat_Abundance	DM055.concat_Abundance	DM057.concat_Abundance	DM063.concat_Abundance	DM065.concat_Abundance	DM074.concat_Abundance	DM087.concat_Abundance	DM093.concat_Abundance	LG001.concat_Abundance	LG006.concat_Abundance	LG023.concat_Abundance	LG025.concat_Abundance	LG026.concat_Abundance	LG030.concat_Abundance	LG034.concat_Abundance	LG038.concat_Abundance	LG043.concat_Abundance	LG045.concat_Abundance	LG046.concat_Abundance	LG049.concat_Abundance	LG050.concat_Abundance	LG052.concat_Abundance
UNMAPPED	16392880.4133666027	13557690.3407700565	10756472.1736056004	7921819.2915267218	13201358.0894291084	15020483.3161493819	9159723.9333521947	5123737.7755048480	14696672.2326090224	11169235.4815240446	0.0000000000	10061475.6754264422	14279393.1652466040	11341449.2830537558	16130093.1962257437	13699274.4378416557	16580523.6856235247	0.0000000000	12591417.2292719334	0.0000000000	15608788.0239984225	13195136.0982040577	15475920.4174707588	14308956.4668461755	14398928.5817907378	17158986.1475990564	15600944.1312718932	0.0000000000	15341860.1357875448	13655796.8012234010
UNINTEGRATED	938632.0897067661	447967.8208281709	541722.7655896482	308129.6326565918	1695447.1222219912	930456.3012813574	212894.2823155870	214389.2177451191	1183300.4703598283	710757.1397149418	0.0000000000	459943.3039806497	918299.6330772848	706105.2351179410	1545121.6181401820	2209160.3983257278	1506454.0530836305	0.0000000000	608041.4442923096	0.0000000000	3773789.0142824766	928603.0488489048	1104168.1437482315	3362683.6967415200	9164827.0532531906	799900.1587369951	4547766.1479555201	0.0000000000	1796049.4796209722	653114.9960873394
UNINTEGRATED|g__Bacteroides.s__Bacteroides_dorei	339569.7692394068	43098.5402554657	35125.2441066331	51639.6132630970	144922.5539654088	85110.3159550917	85086.8950320002	42366.1123702669	89664.9041271068	97729.6085845135	0	77253.0897100063	79252.0682282616	51913.4491654325	542593.3216287441	1231387.4161665898	202336.8924717952	0	58986.1105878072	0	1446906.3090428479	279402.9574553149	136967.5923609262	1893649.8211821746	619723.6245775730	190670.7258562117	297269.3750316524	0	168031.4082801671	42963.3781045229
UNINTEGRATED|g__Bacteroides.s__Bacteroides_vulgatus	547061.3769040495	362208.7765516017	450037.8094780345	247211.0139382413	1333802.2651076040	779721.7655968283	112901.1252109836	161883.3613515237	957400.9722403779	545853.8273310104	0	352379.7098358881	771093.0333911550	561501.4346942544	968672.4752381804	694849.6573577494	1161358.0092565892	0	551604.0667391323	0	2300880.1669399380	633829.7588514937	887725.2254960701	1007675.2731114022	7332168.9003715152	558435.9163813690	3679383.1843738453	0	1418150.5586211293	572321.4700354694
1CMET2-PWY: folate transformations III (E. coli)	190.0706121238	59.4841640037	104.9568800270	0	585.1432345385	102.4653536849	16.0377136996	0	296.5958385690	75.7498034220	0	54.5151995466	99.5203957685	125.7352019316	426.8630019288	630.3232368583	277.9301802164	0	10.1940290905	0	1402.9039320362	282.9128697834	388.2186099374	981.9092869093	4361.2246076421	228.6814963791	2176.9395397743	0	613.1145278684	47.8862408073
1CMET2-PWY: folate transformations III (E. coli)|g__Bacteroides.s__Bacteroides_dorei	104.9536672155	0	0	0	0	0	7.4897666764	0	0	0	0	0	0	0	104.3068765338	552.8613595850	3.3853802572	0	0	0	518.6746443044	56.3866884953	16.6239491005	848.2079848828	0	14.9196599885	22.7473374628	0	0	0
1CMET2-PWY: folate transformations III (E. coli)|g__Bacteroides.s__Bacteroides_vulgatus	83.5920793195	57.5287246326	103.2637346541	0	564.6789495272	101.7225783108	6.8714234977	0	287.7501419459	73.6794298027	0	51.0018182854	96.5490832266	122.4178825336	299.9320484489	47.2302960340	270.6003324402	0	10.0441212830	0	835.5298241736	223.4356594158	362.4338644054	101.6930758809	4267.5778115927	198.1162441489	2121.0009340629	0	598.1796499799	46.8255359388
ARGININE-SYN4-PWY: L-ornithine biosynthesis II	168.6364999729	56.9783397598	104.3069734089	9.1682140319	555.1973134145	92.4695719215	14.8867297926	7.4901029910	274.0076054110	64.0275615655	0	50.4888585589	109.0233096583	117.4649118224	333.9630226851	622.0464251922	290.5891881401	0	10.9918817548	0	1274.4685976066	271.2837278295	358.7864776810	845.9202665988	4440.6315039384	226.6479885991	2144.0512281345	0	555.5560415910	47.1142205438
ARGININE-SYN4-PWY: L-ornithine biosynthesis II|g__Bacteroides.s__Bacteroides_dorei	86.4865098982	0	2.3763142729	1.4386224876	16.1785284968	1.5184263867	7.5455576932	0	6.0085406288	0	0	2.5263199872	2.5333459253	0	116.4615647292	537.0850847944	17.3982924485	0	0	0	515.3072470012	67.4584339286	28.9743870753	749.9503700514	70.7876902679	28.6894197981	49.3178506835	0	18.8967547782	2.1080325929
ARGININE-SYN4-PWY: L-ornithine biosynthesis II|g__Bacteroides.s__Bacteroides_vulgatus	85.4332648475	56.2697697134	101.1147210429	4.3949458640	539.4577018581	88.1022223789	7.2721121057	7.2620633045	258.0696739790	63.8108193352	0	46.3500319610	106.9683129503	113.5448020623	215.2826183075	67.3262616294	268.8899917345	0	10.7492365051	0	786.1496507682	208.1706104225	329.0603549997	82.5498958660	4402.2166651814	201.7951706498	2109.0618598350	0	538.6599579629	44.3369106108
ARO-PWY: chorismate biosynthesis I	150.6065975098	53.0286070516	97.6157808500	0	503.9478796150	83.2670372927	0	0	249.8185851628	56.7405963736	0	33.8782445033	91.5513859310	105.4765380542	319.4860382117	566.7015454117	248.9306207229	0	0	0	1192.5352836638	258.0980829223	337.4674472834	880.7919907260	3895.6975617846	204.9940256279	2001.0821931559	0	450.6815772843	48.1797120210
ARO-PWY: chorismate biosynthesis I|g__Bacteroides.s__Bacteroides_dorei	75.1141589911	0	0	0	4.5317552272	0	0	0	0	0	0	0	0	0	108.2227433380	513.9858059146	0	0	0	0	550.1447599248	54.4905655108	13.0089505814	809.0830950029	11.5081911774	24.9113947275	8.5199277952	0	0	0
ARO-PWY: chorismate biosynthesis I|g__Bacteroides.s__Bacteroides_vulgatus	71.2882592529	52.4048512688	95.4322506775	0	487.6967990710	74.1042818771	0	0	241.8680517460	54.7683020402	0	30.2224586521	89.1814616201	101.3792602390	209.1864980595	46.0857646023	243.2951910468	0	0	0	641.2515996022	202.1383252635	311.2461276782	60.3929167121	3747.9066365591	175.9084902687	1923.4718863704	0	432.4098308577	47.6602723654
ASPASN-PWY: superpathway of L-aspartate and L-asparagine biosynthesis	173.6354686826	53.8729297432	113.1689846928	14.8469074891	613.0365186913	104.6254030143	14.0382481574	8.0445457860	277.9081926434	78.3329499429	0	50.4153372295	105.1138029944	124.0050377311	329.3963983311	611.8640791904	298.7432470289	0	12.4759578559	0	1416.1566444446	282.2411837197	362.1385566927	837.5633665631	4707.0041184910	270.0167535613	2178.5835972382	0	559.1865516311	48.3975053864
ASPASN-PWY: superpathway of L-aspartate and L-asparagine biosynthesis|g__Bacteroides.s__Bacteroides_dorei	92.9504648075	1.3573351613	0	1.1835019824	5.8671620206	1.3888308306	5.8992883052	0	4.0975422323	1.3481212243	0	6.0574525247	2.1130971786	0	117.1038904855	491.8573852190	11.8290649986	0	0	0	573.1583874546	84.8064226325	20.4823594084	712.5032791613	95.0926304010	37.9894793912	43.0372901104	0	17.7479667286	1.3452073457
ASPASN-PWY: superpathway of L-aspartate and L-asparagine biosynthesis|g__Bacteroides.s__Bacteroides_vulgatus	81.4456779127	50.5293258716	104.4466186441	12.4949278642	584.3020167199	97.4359160222	7.1434668168	7.6517410799	266.5366540623	75.0180082902	0	45.7033788716	98.5278491217	113.9224163806	212.1204149996	62.8744954556	282.3548397611	0	11.5286808526	0	837.0894715019	214.0551253417	332.5204313509	78.5351407664	4490.6822653337	229.2661903235	2072.6426701550	0	516.5216912620	38.5609460252
BIOTIN-BIOSYNTHESIS-PWY: biotin biosynthesis I	65.7672615725	0	0	0	273.3226977180	30.7581238454	0	0	179.8503667252	40.6252477478	0	24.1456522877	41.6045562420	0	0	103.5169210901	179.4620593235	0	0	0	564.2047132046	124.6149475912	211.6091522623	165.3016653927	334.6116273834	140.0435679826	0	0	248.2165446351	17.5722046179
BIOTIN-BIOSYNTHESIS-PWY: biotin biosynthesis I|g__Bacteroides.s__Bacteroides_vulgatus	23.3707547912	0	0	0	264.1461822698	30.4425212348	0	0	167.2945746493	39.9194109366	0	23.2478294916	41.1062603827	0	0	56.7938291726	173.5535649637	0	0	0	460.3588363581	110.4675862179	198.4273560215	80.8281746012	327.0992869332	127.1317482018	0	0	223.2360493317	17.4401523209
COA-PWY-1: superpathway of coenzyme A biosynthesis III (mammals)	151.7432571739	44.8806639733	89.5655300260	0	468.3958908766	74.6454091348	14.3295653206	0	250.7284623406	39.5636484302	0	43.6470092953	92.4357597995	116.7533539841	288.5776956146	526.4014227192	242.9978963493	0	11.1284540040	0	1151.6029587279	252.3263731583	302.1078765426	750.9265061541	3685.0384720776	203.5232945890	1860.7286003084	0	450.0220780881	39.4191675614
COA-PWY-1: superpathway of coenzyme A biosynthesis III (mammals)|g__Bacteroides.s__Bacteroides_dorei	78.4996099450	0	0	0	0	0	5.8964312484	0	0	0	0	0	0	0	112.3610930678	476.7740136252	0	0	0	0	525.7924807274	71.2788652301	6.7224329958	647.0031832481	0	19.8069973714	32.9865012609	0	0	0
COA-PWY-1: superpathway of coenzyme A biosynthesis III (mammals)|g__Bacteroides.s__Bacteroides_vulgatus	70.1668208239	36.8963445403	81.8125686247	0	403.5159654798	58.7844171133	7.7079909535	0	203.9096658347	35.9571365075	0	34.6473296604	83.5034312152	101.4367407491	165.1097059973	34.8912509464	197.9808047666	0	7.1258940107	0	587.5575376855	170.8752780047	261.6780937911	69.8438937620	3118.4166002402	165.8261761769	1566.1968510081	0	392.3412480264	36.7063007506
COA-PWY: coenzyme A biosynthesis I (prokaryotic)	159.4343307939	47.6934247675	93.4974498992	13.2365788805	493.3257345802	96.9681009772	15.1245505370	0	249.2335189150	54.6157096357	0	42.6733107995	92.2742565695	115.2305809648	303.5497194340	554.5289210578	258.6695924159	0	13.4335975400	0	1156.6503334733	254.8403996365	306.7068920907	777.7804144764	3708.1187759996	205.4324798218	1950.2831978548	0	461.8223053803	43.8698191607
COA-PWY: coenzyme A biosynthesis I (prokaryotic)|g__Bacteroides.s__Bacteroides_dorei	86.6760277873	4.4599322124	3.5696202132	0	26.3504104343	6.6857556732	6.5774821833	0	14.2395117391	3.8030131949	0	4.3722673329	8.7233871442	8.3651686838	108.4701072299	507.8232893048	12.8151817480	0	0	0	538.3817568405	75.6848742629	33.8481775469	717.9151332573	233.0631274347	32.9712044876	73.5804133063	0	21.5504714115	0
COA-PWY: coenzyme A biosynthesis I (prokaryotic)|g__Bacteroides.s__Bacteroides_vulgatus	73.5212126946	44.4545187742	84.4244912686	11.0977435815	474.4068008730	92.3413741329	7.9376503777	0	238.4571505676	51.4657275307	0	38.1039178595	81.4080430016	101.4328689233	200.6675733169	47.8980635830	249.5546225458	0	13.4335975400	0	644.9958118144	181.8991855254	273.1238929547	70.0900742560	3546.9566696295	179.8208954794	1898.4700444007	0	438.3463980587	43.8698191607
DTDPRHAMSYN-PWY: dTDP-&beta;-L-rhamnose biosynthesis	502.9375819680	49.8279754130	107.5356131758	0	764.2947908940	83.3295478106	28.2082710036	33.8105503009	513.0321769914	112.4850978164	0	65.6467682733	199.8302649139	150.5304554533	570.4243303591	1045.7019778999	547.5872303951	0	7.9446825794	0	1796.0426496574	595.9517646817	707.2263087228	1483.1932767494	3902.4242406726	228.6738094500	1787.5462509119	0	812.4643872776	72.4997623547
DTDPRHAMSYN-PWY: dTDP-&beta;-L-rhamnose biosynthesis|g__Bacteroides.s__Bacteroides_dorei	280.8036251229	0	6.0365949266	0	41.3568629260	0	10.8181832971	0	91.4890935082	17.7768813986	0	8.0145154017	57.1306317927	22.5864436352	257.8068167391	668.1401047456	143.2582276897	0	0	0	918.4915574046	218.4892863689	181.6338255070	949.8556749490	307.6156665935	27.3345634018	87.2214512942	0	160.0581205178	15.0884726216
DTDPRHAMSYN-PWY: dTDP-&beta;-L-rhamnose biosynthesis|g__Bacteroides.s__Bacteroides_vulgatus	218.5709471499	47.0523728171	99.2405721431	0	671.9843934403	79.9905905803	10.0466260880	33.6598997563	410.3817195784	91.6572948317	0	52.2528132552	127.3624353939	130.4200968376	312.2845146024	379.7140376610	413.3643322414	0	6.2971662163	0	926.3046074928	384.3378798092	533.4316879459	497.9289326790	3396.0096370336	195.6516649168	1741.7442195905	0	651.2340138208	56.2538791136
FASYN-ELONG-PWY: fatty acid elongation -- saturated	60.4677299679	0	0	0	243.6571051832	28.4778973873	0	0	174.0890726388	38.0241289119	0	22.0086683960	38.4303291604	0	0	96.8880010040	170.5759261452	0	0	0	530.2519407772	112.1590112273	203.1459410290	154.0527301246	307.9237631179	127.5299812684	0	0	229.3443551239	16.2054420323
FASYN-ELONG-PWY: fatty acid elongation -- saturated|g__Bacteroides.s__Bacteroides_vulgatus	21.2735553287	0	0	0	235.0751375065	28.3213943624	0	0	161.5307514667	37.4947607469	0	21.6510771197	38.1370815611	0	0	56.6097209534	166.6586077513	0	0	0	451.6976438940	101.7092210246	192.4525162074	82.6918793597	301.3521763439	118.3478447846	0	0	206.5539573080	16.1254762417
HISDEG-PWY: L-histidine degradation I	148.7742907246	53.3125517008	95.2209160960	9.4446279911	514.9017627674	97.7096256393	10.5391882900	10.4055454898	253.1589923141	54.1591298590	0	45.0402367051	84.0958567403	122.2044376947	322.1720883727	593.3294099050	264.5980574491	0	10.4694897067	0	1155.8783200428	233.4597288194	328.3359736155	790.9376989000	4050.4647190505	220.4328161166	1927.8119565606	0	516.0862846269	42.3627623844
HISDEG-PWY: L-histidine degradation I|g__Bacteroides.s__Bacteroides_dorei	79.2422177023	2.8838320176	4.4270436425	0.6506180872	24.2787838183	6.1736620460	3.4446041170	0	8.1465828914	2.4925501878	0	4.1368001872	6.4958304875	0	111.4927269893	536.0742273327	14.8356844389	0	0	0	546.0049125058	54.3563683172	34.5748340328	713.2797699254	262.2518657187	30.3713404584	14.0778713235	0	18.8872855394	2.7184216608
HISDEG-PWY: L-histidine degradation I|g__Bacteroides.s__Bacteroides_vulgatus	68.3005122218	46.5783667020	89.7011250557	8.7048965084	475.7831293376	90.1415761727	7.0181736583	9.3691726850	233.1262115600	47.7902937957	0	34.8944664950	75.5439425334	116.4404840645	202.2487992235	39.6711161457	247.7370563389	0	10.1185049715	0	594.5537207501	173.3234586128	284.0271710038	64.7083312454	3571.9368257023	185.1963363683	1754.1841103042	0	468.6538824275	38.2217328967
HISTSYN-PWY: L-histidine biosynthesis	167.7763603134	54.6572733273	83.2935538639	0	508.4585941968	81.8957934286	16.8404952815	0	222.3357365679	55.9860550015	0	52.2198690474	92.3457015327	111.3597831101	333.0706567705	575.0879976701	257.7430213800	0	0	0	1213.8628389138	258.3179647295	309.3571804912	861.5694786097	3953.7539310399	219.4034226522	1942.2911066224	0	496.1338358327	31.6209409914
HISTSYN-PWY: L-histidine biosynthesis|g__Bacteroides.s__Bacteroides_dorei	94.2482564486	0	1.5846020991	0	4.9868938653	0	4.4705296631	0	4.5217787764	0	0	1.8470586752	0	0	115.6535789976	530.8529134784	4.1108438474	0	0	0	525.0083489690	55.9596805220	18.6237218500	799.0450128710	81.3039865919	25.4647015335	33.6631498048	0	4.5338499623	0
HISTSYN-PWY: L-histidine biosynthesis|g__Bacteroides.s__Bacteroides_vulgatus	72.7938732332	53.7216782930	81.3593583104	0	498.2562339554	78.4459183746	10.5744172528	0	215.8066184732	53.3987275142	0	49.2812767647	89.5125574407	109.7605789175	215.8991624489	45.7987934521	249.1054482270	0	0	0	685.7956617803	197.7046816047	289.0017106700	61.1597307239	3806.5029570082	193.0920567453	1888.1294211798	0	487.5139149482	31.3770203729
NONMEVIPP-PWY: methylerythritol phosphate pathway I	175.6426027319	57.8276315756	106.6936806929	10.6237439148	536.1292963784	97.7218069212	0	0	256.3913438779	61.2498998929	0	51.6233917270	101.3535676513	111.0587359469	337.5189984984	630.1159322647	291.1754996185	0	0	0	1290.3548939104	285.3667750008	362.8186483066	909.1965364989	4315.9874645255	224.5084604496	2104.6784149271	0	531.7622536685	46.4034514475
NONMEVIPP-PWY: methylerythritol phosphate pathway I|g__Bacteroides.s__Bacteroides_dorei	67.4392311823	0	1.8477385100	0	2.9985650776	0	0	0	0	0	0	0	0	0	90.4340541720	35.3342972891	0	0	0	0	367.2672056304	60.0325834810	6.2698960071	59.4813213456	26.0574365612	23.5057488010	18.3993695373	0	15.6044118576	0
NONMEVIPP-PWY: methylerythritol phosphate pathway I|g__Bacteroides.s__Bacteroides_vulgatus	98.0547827447	56.6886105067	101.8151020745	9.4057648340	497.3598881461	95.7959889191	0	0	237.2703304695	60.6424186819	0	48.9760869782	100.2166176872	108.5002237855	240.3224087907	101.2691917765	279.8063896495	0	0	0	798.3329795949	222.6732011577	342.4184201372	114.3410840336	4239.2397652338	196.8093421305	1903.0925780778	0	505.9758822515	45.4689921678
PANTO-PWY: phosphopantothenate biosynthesis I	148.1051991408	54.4100097098	93.5987773357	10.1119023152	494.0533309148	92.0225993718	11.9571594326	0	252.7096424097	62.8575555961	0	43.6347180349	103.2511170208	116.1515763544	309.2650526899	615.0481680154	267.4989785132	0	14.5421669859	0	1208.4199753360	270.0933301592	337.3559113935	871.3257061911	3849.2461805813	218.1514991394	1976.8182101451	0	492.5140584802	46.7800111930
PANTO-PWY: phosphopantothenate biosynthesis I|g__Bacteroides.s__Bacteroides_dorei	76.4566573700	0	2.0599547298	0	5.1314127045	0	5.5674461514	0	12.0634424920	0	0	0	0	0	109.4812632829	547.6922789006	11.3029519222	0	0	0	578.1390606825	69.8986134575	14.4466587657	767.9227283218	95.4868838572	27.3988437553	59.3915075485	0	29.9282582434	0
PANTO-PWY: phosphopantothenate biosynthesis I|g__Bacteroides.s__Bacteroides_vulgatus	74.0023358123	54.0835680767	92.0592976305	9.4081069756	482.2810523509	91.6434077782	6.2878810769	0	244.1444296911	49.4798985043	0	42.4777485009	98.1850417876	112.1658574824	202.8738162833	37.6874083376	259.0737223245	0	14.1326347116	0	689.7666952559	199.3963364338	321.8342178175	76.3747727875	3773.2366214816	195.8023777488	1882.2300684551	0	456.8224333507	46.1889648245
PANTOSYN-PWY: superpathway of coenzyme A biosynthesis I (bacteria)	151.7283942628	50.7122082284	96.3014958028	11.0485369456	496.4421994370	92.5664434785	0	0	248.5323918872	51.3642092032	0	44.3353162434	94.5490041037	117.1817321032	303.8795613028	581.7036029310	255.2562679918	0	0	0	1185.8839190199	261.8492562761	320.8118697449	815.3498850838	3785.9717657475	216.0126529139	1953.6571992434	0	476.7606899808	44.3257025984
PANTOSYN-PWY: superpathway of coenzyme A biosynthesis I (bacteria)|g__Bacteroides.s__Bacteroides_dorei	82.3606527881	0	0	0	6.0635691742	0	0	0	0	0	0	0	0	0	111.6882632781	527.8730540713	0	0	0	0	563.2641641055	68.7491063201	17.9840686181	739.5180969764	0	27.1226753242	43.8314070955	0	0	0
PANTOSYN-PWY: superpathway of coenzyme A biosynthesis I (bacteria)|g__Bacteroides.s__Bacteroides_vulgatus	66.7978200478	48.5939709714	90.8955419612	10.3057409349	477.1770062607	90.2203867361	0	0	233.9310293118	42.9097555755	0	37.6498784379	86.2947117166	108.7620674001	195.1968653291	43.1472257872	247.5902558695	0	0	0	624.3280274390	184.2057997390	295.3714088997	69.6382266031	3652.8175070056	182.9808476952	1871.3246544045	0	445.3341202989	43.6653496555
PEPTIDOGLYCANSYN-PWY: peptidoglycan biosynthesis I (meso-diaminopimelate containing)	168.9589351223	55.7197173590	103.8092336583	10.5981535668	519.6265897612	94.3678590394	16.8701754265	0	271.2621653864	65.2634144659	0	48.8596597032	109.8002789075	119.1179956649	335.8352195040	634.2804073689	298.8215127513	0	11.3032003831	0	1240.7367479635	266.6710587716	357.4190613057	888.5533380721	4238.4042139686	216.2481218266	2056.9554671921	0	539.1833756286	47.4851290208
PEPTIDOGLYCANSYN-PWY: peptidoglycan biosynthesis I (meso-diaminopimelate containing)|g__Bacteroides.s__Bacteroides_dorei	87.3617180895	0	0	0	6.0843892153	1.9874327943	7.6521600883	0	7.9575903660	0	0	4.5971020531	0	2.5091986698	131.3758985874	567.5485049051	4.1937737054	0	0	0	567.8002292999	67.5819756097	15.9578675422	807.1436605047	96.6951255322	29.5972183214	42.5600360246	0	14.1482720692	0
PEPTIDOGLYCANSYN-PWY: peptidoglycan biosynthesis I (meso-diaminopimelate containing)|g__Bacteroides.s__Bacteroides_vulgatus	79.4978554279	52.8476508455	98.4459719882	9.6329967260	497.6878851961	89.2404883477	8.6626623988	0	256.3675494971	60.7719421966	0	42.8364274799	101.4174130059	114.2862489268	197.2167724190	55.6992204146	277.5301532254	0	10.2923997821	0	673.0745632646	196.2834002060	331.8392459558	70.7513466270	4025.9746890490	187.9052688022	1946.7748874097	0	506.2686809616	45.5481088413
PWY-1042: glycolysis IV	305.7203668206	99.4430341516	201.8753530765	21.2686488723	857.7293234222	169.7061961260	29.2916623771	0	534.2394462069	123.8811755969	0	87.2178416762	168.3125502706	192.6111672273	746.7656830097	1290.6130933759	507.8071177522	0	23.9026295629	0	2186.6923104905	479.7894988023	607.0977585111	2029.2009953674	7470.8828752102	431.7499711843	3940.2383592704	0	1033.9008106376	84.7639006029
PWY-1042: glycolysis IV|g__Bacteroides.s__Bacteroides_dorei	148.4207792330	0	10.4516467168	3.1639231279	16.0749333578	0	14.3160900087	0	41.6258932362	0	0	0	9.9022269162	5.1914518330	268.7901426835	1003.7033589925	20.5586952015	0	0	0	1016.2869417292	146.0012354409	66.7642441904	1497.0647271469	216.3186085482	74.5432979446	122.5915321565	0	121.9545722261	6.1479059358
PWY-1042: glycolysis IV|g__Bacteroides.s__Bacteroides_vulgatus	145.6873067699	84.6589838149	177.4859052078	17.8895747379	792.7032254648	158.3816942376	12.9838542063	0	454.4247057119	109.8180675410	0	77.5913233075	151.0989890783	170.1761591397	468.6243113035	146.3467746110	469.6097724884	0	20.4512866587	0	1135.5035643943	330.2439910315	527.1007039485	233.0621495713	6704.6302273869	334.4988212387	3444.0462926739	0	879.9865435097	71.5789858642
PWY-2942: L-lysine biosynthesis III	172.5419985259	48.4065419220	99.5437640517	0	526.3826876884	100.2177566784	12.5185107929	8.0372438275	283.4903235763	71.2762048938	0	49.7209615935	103.4748492212	122.0779185209	343.7504456494	558.4481483643	285.9608246238	0	0	0	1232.6509913676	276.0680474349	347.4751414860	832.8180787256	4651.8444541345	223.2985804430	2200.8752019405	0	548.6839314520	38.3214162770
PWY-2942: L-lysine biosynthesis III|g__Bacteroides.s__Bacteroides_dorei	85.2696368964	0	3.1389722154	0	29.8837397763	6.8545719639	7.2188087357	0	26.4935621648	2.5745922386	0	2.5880620327	2.6459231315	4.9844364700	105.4780375598	496.3417769723	15.3065023419	0	0	0	524.4818550459	71.6892601864	30.8468605721	709.9291411975	244.2365586404	29.3468603810	159.6468328911	0	42.9299206749	0
PWY-2942: L-lysine biosynthesis III|g__Bacteroides.s__Bacteroides_vulgatus	82.6269654237	42.5328380316	89.7346594928	0	475.8238643979	86.4279871453	3.3504891352	7.1750298432	227.0273198854	64.1430286249	0	44.9274959755	94.6243086286	109.4866948240	229.9004590744	57.3487015136	253.8728421172	0	0	0	698.4815466190	196.9620540927	305.7300767342	95.0955270226	3897.0530650067	184.2559546516	1864.8931940344	0	458.2465076548	36.2623712145
PWY-3841: folate transformations II (plants)	187.4040732274	57.6376016933	95.4304104014	12.2468455923	568.9270557080	99.5862375760	15.8488403108	12.3477053604	282.7978127807	76.0913008914	0	52.8111518869	95.9760491659	122.9492604639	390.9754607947	591.5379000467	268.4699032110	0	9.7228168386	0	1354.4530686542	273.3731927013	344.7630714861	900.8903593535	4131.7862289842	218.2052391854	2096.6961709325	0	576.5733223967	47.4082210477
PWY-3841: folate transformations II (plants)|g__Bacteroides.s__Bacteroides_dorei	103.6067016791	0	0	0	4.7169338347	0	8.0750460437	0	6.6209324459	1.7984644991	0	4.2100230518	0	0	97.3468528257	512.0198215324	3.5232152819	0	0	0	490.7030539955	54.0260898383	23.4016372537	771.8411516741	41.7347062557	31.5015172566	22.7778677197	0	8.7059301720	0
PWY-3841: folate transformations II (plants)|g__Bacteroides.s__Bacteroides_vulgatus	85.0096666107	55.4278900796	93.9257472226	10.9192747659	555.8539122474	98.7574950754	7.6558340984	11.0429270378	274.5301681612	73.0439363302	0	48.4896119394	92.6194829157	121.5313897460	285.5659172032	67.4438734589	261.9516106553	0	9.6541035873	0	831.8061186776	217.9892056380	326.9286863731	111.0814746096	4069.2814133025	184.9150239105	2054.8904161863	0	568.7186039386	47.1341013197
PWY-4041: &gamma;-glutamyl cycle	0	0	0	0	42.7599260949	0	0	0	0	0	0	0	0	0	131.4080779939	635.3823032293	0	0	0	0	714.6785636531	108.5218536872	28.4346271683	993.1937466158	44.2290741990	28.5203213193	11.1421309382	0	0	0
PWY-4041: &gamma;-glutamyl cycle|g__Bacteroides.s__Bacteroides_dorei	0	0	0	0	2.8299553107	0	0	0	0	0	0	0	0	0	32.7636698693	594.9559900699	0	0	0	0	281.4071540541	30.7168187797	10.4856800897	932.1339726712	30.0803898939	25.7063341102	0	0	0	0
PWY-4041: &gamma;-glutamyl cycle|g__Bacteroides.s__Bacteroides_vulgatus	0	0	0	0	5.5565523221	0	0	0	0	0	0	0	0	0	96.3015042603	32.3977374500	0	0	0	0	431.7961776271	60.4082389268	1.8496409814	48.6514226210	2.7743417281	1.8403807031	11.1413683613	0	0	0
PWY-5030: L-histidine degradation III	158.6774075464	53.6111420577	91.6694813751	10.8179400181	497.2351777087	98.5736367682	10.1314632191	10.4246187829	255.9482469694	51.4803859147	0	46.0188911902	87.4017404587	113.1475619797	309.1074648154	577.7586820486	267.5812219184	0	0	0	1139.0200572485	238.9558943562	317.7855457175	803.3695536920	4004.6424672813	198.7583561416	1904.9604064356	0	505.9894443091	39.8825298557
PWY-5030: L-histidine degradation III|g__Bacteroides.s__Bacteroides_dorei	87.4744761680	0	0	0.7860605267	11.2080800468	2.8279055769	0	0	9.1864359922	1.7770024746	0	4.4656204156	4.3398481142	0	107.5235101590	527.8159053975	5.1174007493	0	0	0	527.1785628572	52.6318373228	26.2515721005	731.8980127725	65.8008922957	24.8836294145	15.9669115040	0	11.4203672891	0
PWY-5030: L-histidine degradation III|g__Bacteroides.s__Bacteroides_vulgatus	69.1723094702	48.1323545553	88.6797467244	9.9406466079	470.0258758444	91.5175335270	7.0563567812	9.7074459699	238.2969533544	48.3615592123	0	37.0134404278	80.0871434815	109.4069312071	198.6406669518	41.4695948998	254.5581887494	0	0	0	599.5301556545	181.0806329667	285.1770719955	61.8081152674	3678.8920906613	170.1783271234	1785.9995254972	0	474.8897707931	38.0540539656
PWY-5097: L-lysine biosynthesis VI	168.1293086367	49.8340175954	102.1500553200	8.3532063851	510.3656206383	95.9948859574	10.0465489605	7.8350961657	248.4319683711	67.5500650029	0	43.8260722451	99.1096620842	113.8379447726	323.6572496028	575.8425874907	271.3157516414	0	0	0	1148.9155776734	262.8524501394	333.7355551333	877.7524088861	4531.1522817429	212.3831573468	2294.0434072452	0	575.2334911048	43.0163722838
PWY-5097: L-lysine biosynthesis VI|g__Bacteroides.s__Bacteroides_dorei	83.1576085386	0	0	0	0	0	6.8391818240	0	0	0	0	2.7723609092	2.1304694841	0	106.4650919329	477.8727865182	0	0	0	0	508.7566266705	72.1821670258	25.9916697707	691.2448716072	0	31.0094973172	20.9828830028	0	0	0
PWY-5097: L-lysine biosynthesis VI|g__Bacteroides.s__Bacteroides_vulgatus	81.2222350095	42.2297320125	92.7414906877	7.1271226414	465.6036785113	82.5267477325	0	7.2421075254	219.1248846369	60.1529683335	0	36.3945773815	90.0535471574	97.4290451101	212.5910022571	68.6534770568	240.6494366282	0	0	0	633.9357580950	185.7024611862	293.3050497268	113.9022513712	3908.4504181131	173.3020729727	1977.9729437142	0	486.2676198706	38.9418078645
PWY-5121: superpathway of geranylgeranyl diphosphate biosynthesis II (via MEP)	175.1559785525	63.2222510588	109.5920500492	9.6711045516	534.3441359536	99.5860228610	0	0	253.5255028270	62.3212900486	0	50.5184826991	105.6760186095	111.3237979294	335.6233945168	612.3374045571	294.9869052197	0	0	0	1248.5415192522	280.4473307372	356.8840465103	903.7084262560	4309.6167215453	224.4760433136	2113.5028567067	0	524.6075068967	49.3964684907
PWY-5121: superpathway of geranylgeranyl diphosphate biosynthesis II (via MEP)|g__Bacteroides.s__Bacteroides_dorei	66.4882676606	0	1.9424672195	0	2.6622811444	0	0	0	0	0	0	0	0	0	92.4288759671	28.2170818238	0	0	0	0	299.2270843563	61.8771991365	5.6528116195	47.6761476720	26.4222244336	26.0945441315	19.4483974673	0	18.0667086235	0
PWY-5121: superpathway of geranylgeranyl diphosphate biosynthesis II (via MEP)|g__Bacteroides.s__Bacteroides_vulgatus	93.0421334238	60.1803914399	102.4131137658	7.6323731208	482.9111709245	93.8118493930	0	0	227.6009153469	59.1929385071	0	45.3726214943	99.0932579776	103.4388150331	230.1660271581	99.1917784670	274.5200586700	0	0	0	825.5287997864	213.9683622244	328.7022496245	116.9301521901	4065.4262478027	187.8641257277	1875.6451165488	0	479.3494489018	46.7623703882
PWY-5659: GDP-mannose biosynthesis	97.6190954809	47.4061853486	55.9081624253	11.7311883978	301.7303493576	56.6729564933	0	13.9785739447	205.1785803557	55.3819526915	0	19.0733884794	86.2667084589	65.6023382625	284.6945635503	483.4870802274	164.5747882953	0	0	0	866.5760478316	175.2478604724	308.3125982629	672.9579349661	2703.0557402128	213.6522955701	1317.2218720769	0	467.7291921903	44.9757597852
PWY-5659: GDP-mannose biosynthesis|g__Bacteroides.s__Bacteroides_dorei	20.7477079752	0	1.4587740636	1.0296010296	7.7060777627	0	0	2.0551862045	11.8555391688	1.4832613534	0	0	4.9106748164	0	118.5206008658	251.0517517414	0	0	0	0	226.6440570931	16.0707437800	29.9521974515	367.4851112034	111.0156502051	37.2238141376	27.3167634700	0	19.8289162249	1.1201189342
PWY-5659: GDP-mannose biosynthesis|g__Bacteroides.s__Bacteroides_vulgatus	58.6351875296	42.6581921712	52.8808809747	10.0667923974	293.7177766289	52.7792619305	0	7.9015410098	188.4248886659	46.0180128439	0	18.4500955391	71.3648414157	65.1345792061	145.8560330523	39.6473422543	162.2966879190	0	0	0	579.5062172380	149.3888427915	230.1555668888	42.3605404927	2587.3689142558	128.6110035371	1261.9490310378	0	428.9045705113	43.3691291680
PWY-5667: CDP-diacylglycerol biosynthesis I	205.6122156802	77.3526661892	92.8725374247	12.2109047841	538.3410923773	100.4263589813	14.4359644998	13.5047508280	283.7771260734	87.1278834099	0	54.8176608080	128.6319297789	144.5606351579	369.8551399777	525.2869998733	311.9247025871	0	0	0	1212.3421921270	323.7784724583	308.7393000168	823.6692788110	4257.4658464219	212.3304568784	2045.0215614700	0	611.8619379921	54.6696986416
PWY-5667: CDP-diacylglycerol biosynthesis I|g__Bacteroides.s__Bacteroides_dorei	74.4523504421	0	0	0	2.3827375167	0	0	0	0	0	0	2.0510364567	0	0	102.8494168146	456.1546060400	0	0	0	0	483.9589757135	54.3009521917	11.3458963220	753.1295386658	2.7067723436	23.4388669923	8.1424760131	0	0	0
PWY-5667: CDP-diacylglycerol biosynthesis I|g__Bacteroides.s__Bacteroides_vulgatus	105.4565263012	77.3500393516	92.6534575167	12.2109047841	533.9451766669	100.4263589813	8.7026624647	12.7219623330	274.6933587238	87.1253900272	0	51.8573991423	128.0963037254	144.5556879975	253.3933667557	53.6185288557	310.8489786123	0	0	0	717.3352069292	246.2213498296	293.8711228959	66.2763403462	4113.4932098475	186.9025424179	1987.1603278274	0	600.8928527615	54.6696986416
PWY-5686: UMP biosynthesis I	174.8274992165	59.2756578332	107.8188416244	0	560.8802498877	84.4272758546	11.1248499534	0	319.5848891474	72.8497325341	0	46.9102096618	96.5057113047	109.2649213602	327.9743264618	692.1822170965	259.5290366456	0	10.8699885496	0	1289.6720224727	273.0547198998	362.1485168717	949.8372019713	4373.5152528724	211.4640063957	2330.4492042571	0	578.3268044352	45.3149018312
PWY-5686: UMP biosynthesis I|g__Bacteroides.s__Bacteroides_dorei	87.4068065455	0	0	0	8.4449465391	0	4.4337590884	0	0	0	0	4.0975037862	0	0	124.6049089024	623.8264553154	4.1225569543	0	0	0	602.3578042255	74.8478676369	18.5832449933	841.6285812199	46.9543477126	28.6890917576	30.1259363673	0	6.7102729348	0
PWY-5686: UMP biosynthesis I|g__Bacteroides.s__Bacteroides_vulgatus	85.0485693217	55.7692296028	101.6277402455	0	531.1886173823	78.2235636515	6.4040425575	0	270.2078674147	68.5829616486	0	42.6703272408	94.5470643831	107.2582307764	198.8052498004	55.8046482032	242.7115405314	0	10.6235196991	0	684.2073489900	194.5322997824	336.4470464942	88.2684390608	3922.7032745971	172.1429011490	2093.1920384820	0	524.2619130411	41.7145134763
PWY-5695: inosine 5'-phosphate degradation	205.2963124169	63.3481565518	125.0594120767	13.3786346800	608.0191331985	115.3482183362	17.7437637492	10.6374651783	302.5376246843	77.8863337729	0	60.2738476119	121.0966456675	131.7289433085	392.5228675515	728.7004627072	339.6955415383	0	14.2414186304	0	1424.0463679392	327.1348557747	421.1058177895	1139.2559606259	4885.7785915786	273.5823745853	2342.1637588057	0	615.6654318047	59.4476092344
PWY-5695: inosine 5'-phosphate degradation|g__Bacteroides.s__Bacteroides_dorei	104.5838259772	2.2353902465	0	1.7547888321	7.6051479431	0	6.3939993595	0	2.4607735236	0	0	7.4817503897	2.9927330261	0	152.0540885791	593.8200772392	5.2993511015	0	0	0	661.7497283693	76.8976416388	42.0764310326	907.7548325260	46.7116945578	55.4561111343	22.2561608413	0	10.7484183042	0
PWY-5695: inosine 5'-phosphate degradation|g__Bacteroides.s__Bacteroides_vulgatus	98.3290721968	58.0456061853	106.4783370108	11.0896947707	502.8895621355	97.3231346090	8.5248972873	8.7479867360	260.3437615216	65.8133327538	0	50.0386157736	111.5820719080	103.5114092152	238.6433747343	87.0356454860	285.8227715451	0	11.7066161251	0	761.5436836736	235.1840384748	339.8000263111	135.4264754420	3978.5381772369	204.8696553369	1901.8081179795	0	492.9836602457	46.6423832251
PWY-5973: cis-vaccenate biosynthesis	106.3248542720	0	0	13.1324466298	297.2350216424	24.1719110171	0	0	181.8737473125	59.5572446511	0	26.2798063676	32.8581672353	0	0	528.9248966605	221.6219144923	0	0	0	980.4720468903	153.4399460540	205.2120684169	686.3993124329	207.6205921177	148.0244388204	0	0	222.4149446024	14.7131646548
PWY-5973: cis-vaccenate biosynthesis|g__Bacteroides.s__Bacteroides_dorei	78.3687155873	0	0	0	18.0789372149	0	0	0	16.8712990231	0	0	0	0	0	0	0	0	0	0	0	45.7008624953	11.5756656979	14.0866102349	0	4.3345636925	13.7101399742	0	0	27.5641592001	0
PWY-5973: cis-vaccenate biosynthesis|g__Bacteroides.s__Bacteroides_vulgatus	17.7758686846	0	0	11.0490597269	277.4723338360	24.0120459529	0	0	161.9370561565	57.4135443090	0	25.5992736605	32.5121067561	0	0	75.0045578378	213.1884686889	0	0	0	726.4105904796	132.1486063362	189.2411179420	105.4888654823	202.9215034841	131.4566434377	0	0	191.8826146159	14.5738404749
PWY-5989: stearate biosynthesis II (bacteria and plants)	55.7937144504	0	0	0	249.5123674485	25.2264832139	0	0	172.1833605365	36.8665256721	0	22.6594462981	34.3091200887	0	0	77.3228182538	173.0535501558	0	0	0	485.3560681755	111.7215250853	197.2698816345	124.8457826313	240.8865774225	133.5367562703	0	0	217.6575578071	14.7770963797
PWY-5989: stearate biosynthesis II (bacteria and plants)|g__Bacteroides.s__Bacteroides_vulgatus	18.7560173885	0	0	0	241.6995143592	25.0896249893	0	0	157.9576123444	36.3755329511	0	22.2599393989	34.0434450278	0	0	53.3786338414	168.8783132583	0	0	0	429.3363258461	103.4482845317	185.6378447037	81.0736108492	235.6842694706	122.9544100035	0	0	193.1573424245	14.6818647175
PWY-6121: 5-aminoimidazole ribonucleotide biosynthesis I	177.7561473673	57.9232749224	98.2531565113	0	542.7441117091	86.4148579762	8.8831344627	0	265.6513246945	55.9674806281	0	46.6930500697	106.2097473938	119.0589957874	328.7227529712	573.4275662563	296.2281344026	0	8.7581800309	0	1207.3633178891	254.9861993307	372.7070789521	857.9847835716	4385.7929204959	203.9701418638	2215.5738443450	0	537.9066317625	43.2622104198
PWY-6121: 5-aminoimidazole ribonucleotide biosynthesis I|g__Bacteroides.s__Bacteroides_dorei	99.2856516658	0	0	0	6.7566533505	0	3.5015439960	0	5.1047513287	0	0	0	1.2741897586	0.5571163709	113.6327166041	519.7516850876	5.0997535412	0	0	0	63.5883501887	64.5021597568	15.3683633782	770.3885997635	155.2662829135	24.3481707403	89.1047206608	0	21.2742259124	0
PWY-6121: 5-aminoimidazole ribonucleotide biosynthesis I|g__Bacteroides.s__Bacteroides_vulgatus	51.3836044663	27.6318629325	78.4056541010	0	420.8342235481	51.3559612445	4.4338041267	0	198.2881821061	43.3061898124	0	30.8351323219	71.1505360195	73.6326109208	150.9617812486	40.5060715931	177.5739241992	0	3.4400410566	0	669.1014162098	114.8600299251	250.9412636876	71.9842001675	2703.1430565186	147.8353278146	1314.0932128093	0	378.2626241837	26.1751446536
PWY-6122: 5-aminoimidazole ribonucleotide biosynthesis II	176.3604523462	57.1203929442	97.7354009131	0	527.4121908199	82.8093517329	8.8365443987	0	277.5286276801	51.8539087933	0	46.2440040473	104.1811205271	116.1965257803	320.8928851152	566.3815600230	284.3398518915	0	7.6626332574	0	1189.6398006978	249.2711740560	359.0680994608	860.8851527062	4341.7662179167	198.9262078556	2269.7498881171	0	549.9308190716	39.8233311289
PWY-6122: 5-aminoimidazole ribonucleotide biosynthesis II|g__Bacteroides.s__Bacteroides_dorei	95.0109499163	0.4631535158	3.7314127846	0	6.0010942721	0	4.4725632615	0	20.4166669953	0	0	2.9336494025	1.1614191750	0.4713209658	111.5230278578	517.1051480052	4.5276643018	0	0	0	542.6480169420	65.2894990320	13.1484580266	766.5459558578	161.5298185419	22.1288552929	94.5905333651	0	25.3907878359	0
PWY-6122: 5-aminoimidazole ribonucleotide biosynthesis II|g__Bacteroides.s__Bacteroides_vulgatus	49.1973257411	24.2929292985	74.3372977589	0	391.5421254220	45.6523847829	4.0840952337	0	192.1156961276	38.8549107069	0	28.2549560541	65.1130416755	66.4299346295	138.0383240510	36.4597705843	158.3396125096	0	2.8478062819	0	599.0777309302	102.6453024988	230.2171362484	76.6569677935	2462.5835316079	140.5743617723	1215.0208872121	0	359.0938266679	22.8636082399
PWY-6123: inosine-5'-phosphate biosynthesis I	194.5603111854	60.3285290875	120.7039411742	0	570.1138614380	113.5685566363	11.6907056121	0	333.4816309887	76.5502010517	0	50.4363149579	114.8893988750	133.3725570536	389.3564080385	722.0268666378	311.4508446993	0	8.8296590100	0	1360.0976755266	296.5210789694	375.6939891131	1029.1628100408	4755.5751363266	245.8236377470	2485.7389125353	0	631.5928729190	53.5963064311
PWY-6123: inosine-5'-phosphate biosynthesis I|g__Bacteroides.s__Bacteroides_dorei	96.5180547174	0	3.7956018336	0	21.1642192290	5.9819945051	6.1646701175	0	20.2287067081	1.8768487405	0	0	3.8416140421	2.1572225516	125.6722750135	573.3777297402	21.9772098040	0	0	0	607.0513212824	79.2394200778	30.0846011391	824.5164429378	315.3519859088	36.4208403862	147.6573975515	0	57.8162223835	1.4183379294
PWY-6123: inosine-5'-phosphate biosynthesis I|g__Bacteroides.s__Bacteroides_vulgatus	94.9116445040	50.0031450614	108.5995874878	0	535.1245637597	103.3053421893	3.4380530522	0	307.7713227477	64.7220005974	0	43.9652036784	102.3870748569	119.5043604122	262.0913428427	99.2967856802	282.0907852768	0	6.0801317775	0	751.1770763287	211.5120307377	337.5732255257	148.3361397700	4292.2243523478	204.9388301660	2225.3992921828	0	568.0929443575	51.7779753089
PWY-6124: inosine-5'-phosphate biosynthesis II	181.5423421059	53.0745245456	110.2597371085	0	533.1503487696	102.0360560831	9.8870097376	0	321.1984592971	70.0174940372	0	48.6618232274	103.3218084767	122.3637827455	372.5584772544	707.4249787594	297.4438269415	0	7.4224630142	0	1332.1814415836	280.2485556365	357.3026375032	1003.5458319973	4678.5326310662	225.5284038078	2458.8316996214	0	612.4492754449	46.3126866568
PWY-6124: inosine-5'-phosphate biosynthesis II|g__Bacteroides.s__Bacteroides_dorei	92.1005320038	0	3.4373768244	0	19.1005690384	5.7273566486	5.4304057874	0	18.4478066214	1.7807232212	0	6.1588573494	4.1602753725	1.8504918170	123.9813149339	559.7857991891	22.3614407156	0	0	0	589.9109637993	77.3538574094	28.9515146279	797.2483762913	291.1381279026	34.6150522753	141.1974678567	0	56.5368248586	1.2076409183
PWY-6124: inosine-5'-phosphate biosynthesis II|g__Bacteroides.s__Bacteroides_vulgatus	86.8872650148	43.6047029146	98.5575502566	0	499.8735734859	92.3620285593	2.8795112073	0	297.3431023280	58.4058718210	0	41.5767186620	91.3604438229	109.0364290860	247.8438011570	92.8193364657	267.5708954000	0	5.0972368401	0	740.5821603549	197.5147472429	319.7054352788	142.6656383810	4228.4315013501	186.8308717880	2187.2255543546	0	549.5490258882	44.7593862618
PWY-6125: superpathway of guanosine nucleotides de novo biosynthesis II	214.6708191678	69.5718551653	113.3227573541	14.8564854177	601.9779499941	130.6099051314	16.9797154774	0	331.5635453615	78.6554319898	0	54.3738580960	107.8564636275	131.0519105065	411.6718448583	740.4131573608	353.5948161929	0	19.9747904199	0	1467.5737331220	316.1311514054	448.3582161639	1135.0962548352	5209.7049883929	271.1412595251	2793.7349110759	0	643.0558922820	59.5466918569
PWY-6125: superpathway of guanosine nucleotides de novo biosynthesis II|g__Bacteroides.s__Bacteroides_dorei	112.8092126370	0	0	0	0	3.9923492640	5.2175183164	0	0	0	0	0	0	0	145.4356804687	682.3070714375	11.7065707920	0	0	0	654.9575788683	83.5965358952	28.0709112704	1041.1173476034	126.7051916857	32.5585579537	171.6346426302	0	0	0
PWY-6125: superpathway of guanosine nucleotides de novo biosynthesis II|g__Bacteroides.s__Bacteroides_vulgatus	101.7299541724	68.2485146038	109.8821347939	12.9640262533	584.5614785982	123.5543196328	7.9431753436	0	315.4438333317	75.4805932128	0	50.4062535972	105.8654723054	127.8753374944	263.8825264122	54.2198952884	335.8146071213	0	19.2889933491	0	797.6847986268	230.5253709092	409.6689165189	81.6394507304	4903.7809593136	231.8419274516	2540.6985412347	0	593.5368948895	58.8697067424
PWY-6126: superpathway of adenosine nucleotides de novo biosynthesis II	197.4903806086	60.7850014437	113.1370914626	15.5622025805	600.8063020622	102.3592485454	13.0067814012	0	332.8237989988	69.3184364183	0	48.5661889917	114.4538345440	127.4842499975	373.0146341348	706.5672024983	321.0209648308	0	13.5953195577	0	1422.8333930673	309.2782523536	388.3865424829	1059.1146573955	4863.2359378157	246.3311446286	2532.1054886968	0	595.7391982071	48.8253125970
PWY-6126: superpathway of adenosine nucleotides de novo biosynthesis II|g__Bacteroides.s__Bacteroides_dorei	111.2507602097	0	0	0	0	0	5.4750658121	0	0	0	0	4.6502479975	0	0	129.4798084993	646.3157257320	11.5198001482	0	0	0	674.8953677968	85.9127784725	23.7958038140	961.0186779256	100.4178645275	32.3774756758	45.3489911945	0	0	0
PWY-6126: superpathway of adenosine nucleotides de novo biosynthesis II|g__Bacteroides.s__Bacteroides_vulgatus	81.3907378678	59.1130448140	109.2009374741	14.0664803622	576.1212004682	99.6416923037	5.1030662974	0	309.0917613801	65.7753716110	0	43.2394954042	109.8082824205	126.1245424445	242.7127833758	56.2507804367	307.4001197045	0	13.4028762600	0	734.8115413427	218.8763166420	361.7326830046	86.8177146146	4486.4736876297	209.5881536869	2344.2613527064	0	550.6101263830	46.0035972816
PWY-6147: 6-hydroxymethyl-dihydropterin diphosphate biosynthesis I	176.4435381022	61.9679396654	112.1665128379	14.9525813000	528.3690283197	130.6222030928	0	0	282.3497901073	56.9076294223	0	62.8648680470	109.1309800880	112.8416385660	320.9980820493	612.4379280283	264.7868313187	0	16.3206036761	0	1274.1814408189	319.3473840009	366.5225971966	874.0787391036	4189.8175999330	226.8270922695	2012.2278631356	0	517.9390992760	45.9224327449
PWY-6147: 6-hydroxymethyl-dihydropterin diphosphate biosynthesis I|g__Bacteroides.s__Bacteroides_dorei	101.6163840515	0	0	5.6537185599	0	0	0	0	0	0	0	0	0	0	84.3194427597	534.6710045813	0	0	0	0	579.6879423865	88.8168852099	16.7779934790	745.6805934721	6.1552967067	18.1814668362	15.1090418313	0	0	0
PWY-6147: 6-hydroxymethyl-dihydropterin diphosphate biosynthesis I|g__Bacteroides.s__Bacteroides_vulgatus	64.5995546204	52.8079536364	98.4249879763	8.3204046868	452.1076516404	96.8571376143	0	0	215.5252453880	50.0189854555	0	54.7306292113	91.8400321818	71.1503538598	206.8349351778	38.8495329342	246.1624556566	0	15.1980619378	0	684.9973546219	208.2465492232	297.9047268934	60.1153089290	3470.9315597453	156.9879201267	1673.7103164009	0	433.8296870593	41.8599399493
PWY-6151: S-adenosyl-L-methionine salvage I	178.1482788400	45.7193281850	109.1788247380	10.2788935191	546.5754989389	97.5016681050	20.3440624224	0	258.5568688609	61.9307114101	0	36.2844232369	85.9454084575	87.3956809974	338.3717743375	662.1322879311	422.2808014631	0	11.5030750665	0	1325.3252058953	269.5956901298	373.3908564883	909.4532309609	4335.0084134387	239.7174516086	1319.1209328421	0	500.3009231489	37.4031488174
PWY-6151: S-adenosyl-L-methionine salvage I|g__Bacteroides.s__Bacteroides_dorei	93.8424094001	1.3564946799	4.6615409843	0	11.1405702015	0	8.5131752257	0	12.4481979050	0	0	2.6845554556	3.5779980144	2.5509346777	123.7132700890	605.6564882976	0	0	0	0	644.0779323016	61.5298503071	23.2998055669	838.2778828897	61.9154386275	32.0856736473	53.9071437382	0	14.7284322146	0
PWY-6151: S-adenosyl-L-methionine salvage I|g__Bacteroides.s__Bacteroides_vulgatus	71.6245961209	40.1646609557	102.7047636193	8.8390180721	520.5412130133	91.3364877104	10.9186345554	0	239.6442580771	57.8789212082	0	29.8440788851	82.2297506507	73.5698793709	187.3447676573	46.3571555756	407.4036325436	0	11.2055622678	0	648.0359492781	185.9695728653	330.2732605295	55.4549449204	4128.2794201172	198.4048329987	906.3096361792	0	448.4448830600	33.4999555310
PWY-6163: chorismate biosynthesis from 3-dehydroquinate	161.8239535434	57.5697345512	100.1270857075	9.0330046434	518.5820626131	85.9138057176	7.3170653041	0	256.1871898232	67.9615872353	0	36.5162777831	94.7615924026	125.8854512678	335.9497563064	593.5104923855	254.9950227846	0	13.1380172685	0	1233.4598535751	271.1529768428	358.9891371829	913.0467619398	4025.5806454455	216.8581411308	2050.8474680731	0	495.6570831357	51.7974497383
PWY-6163: chorismate biosynthesis from 3-dehydroquinate|g__Bacteroides.s__Bacteroides_dorei	79.7634256294	0	0	0	4.4564434466	1.3963152460	3.8486086776	0	3.1479623700	0	0	0	0	1.4947849645	123.6310539945	540.8487271962	4.7328534210	0	0	0	575.2064527774	58.4813911271	21.6221399674	844.2987793721	50.5210748158	28.9164099356	23.6588155498	0	4.7940208893	0
PWY-6163: chorismate biosynthesis from 3-dehydroquinate|g__Bacteroides.s__Bacteroides_vulgatus	78.8937144283	56.1781710546	97.0845997402	8.8023896417	504.9517615710	83.3007185493	2.1097506920	0	251.0702389964	64.7069111932	0	32.2795342855	91.2860310789	124.1014014735	213.2669262590	54.8899417442	246.2061502479	0	13.1380172685	0	656.6692068008	212.5706934825	338.3267084528	73.3792816547	3928.6944874393	191.2317514969	2002.3434410115	0	483.7110100385	50.9614756987
PWY-6277: superpathway of 5-aminoimidazole ribonucleotide biosynthesis	176.3604523462	57.1203929442	97.7354009131	0	527.4121908199	82.8093517329	8.8365443987	0	277.5286276801	51.8539087933	0	46.2440040473	104.1811205271	116.1965257803	320.8928851152	566.3815600230	284.3398518915	0	7.6626332574	0	1189.6398006978	249.2711740560	359.0680994608	860.8851527062	4341.7662179167	198.9262078556	2269.7498881171	0	549.9308190716	39.8233311289
PWY-6277: superpathway of 5-aminoimidazole ribonucleotide biosynthesis|g__Bacteroides.s__Bacteroides_dorei	95.0109499163	0.4631535158	3.7314127846	0	6.0010942721	0	4.4725632615	0	20.4166669953	0	0	2.9336494025	1.1614191750	0.4713209658	111.5230278578	517.1051480052	4.5276643018	0	0	0	542.6480169420	65.2894990320	13.1484580266	766.5459558578	161.5298185419	22.1288552929	94.5905333651	0	25.3907878359	0
PWY-6277: superpathway of 5-aminoimidazole ribonucleotide biosynthesis|g__Bacteroides.s__Bacteroides_vulgatus	49.1973257411	24.2929292985	74.3372977589	0	391.5421254220	45.6523847829	4.0840952337	0	192.1156961276	38.8549107069	0	28.2549560541	65.1130416755	66.4299346295	138.0383240510	36.4597705843	158.3396125096	0	2.8478062819	0	599.0777309302	102.6453024988	230.2171362484	76.6569677935	2462.5835316079	140.5743617723	1215.0208872121	0	359.0938266679	22.8636082399
PWY-6282: palmitoleate biosynthesis I (from (5Z)-dodec-5-enoate)	52.7357046637	0	0	0	228.0602676728	24.1568243378	0	0	160.9390628703	34.5739463637	0	20.6627528707	32.8615143305	0	0	76.3188547159	160.0659924738	0	0	0	461.5702770263	102.7738101453	185.2487394413	122.7082568819	238.3159301694	121.4806884552	0	0	204.4078481455	14.0584967630
PWY-6282: palmitoleate biosynthesis I (from (5Z)-dodec-5-enoate)|g__Bacteroides.s__Bacteroides_vulgatus	17.9400710856	0	0	0	220.9196352346	24.0565888408	0	0	148.4918686979	34.1838735663	0	20.3818265687	32.6705709181	0	0	50.9409302288	156.9880775952	0	0	0	406.8265397637	94.8374245901	175.1438347380	76.1684790752	233.2875048589	112.6140346228	0	0	182.4357897003	14.0049419534
PWY-6385: peptidoglycan biosynthesis III (mycobacteria)	164.7492304311	54.2198262689	106.2970568394	9.7973321438	517.5373494449	92.1497686618	15.8971505706	0	264.0896924944	62.7552451741	0	48.9381049941	106.6563878553	117.1816750945	332.4163847402	630.8476964292	291.7971014721	0	12.0817441038	0	1240.7367479635	263.3479733052	357.4190613057	884.8405094343	4218.1560176039	214.2919144981	2047.0225219103	0	531.5354406984	45.6898296048
PWY-6385: peptidoglycan biosynthesis III (mycobacteria)|g__Bacteroides.s__Bacteroides_dorei	86.1771253972	0	0	0	7.2976137774	2.0909562759	7.2575562711	0	8.2330777069	0	0	5.0204751702	0	2.6253208748	128.2075553959	552.5802438638	4.2017413206	0	0	0	568.9603441911	68.1459675399	18.0091448893	775.9369104210	101.1670051156	31.1905673159	44.9310766606	0	15.2152620660	0
PWY-6385: peptidoglycan biosynthesis III (mycobacteria)|g__Bacteroides.s__Bacteroides_vulgatus	77.5337884729	48.9124770309	100.9102486140	9.2095694848	473.3922941107	86.4546064957	8.2982217960	0	238.5062739169	56.2777335176	0	42.3543236052	99.9610493333	102.1260039810	191.6517315078	54.5336879566	270.2834971612	0	11.1694732254	0	666.3665021492	188.6727455349	325.3240074020	67.0141094183	3793.4792351654	178.5195861196	1857.7626692395	0	472.2532929621	43.2362671489
PWY-6386: UDP-N-acetylmuramoyl-pentapeptide biosynthesis II (lysine-containing)	164.2488471874	55.4871723421	105.7507512793	9.5970216478	528.6819723325	97.0103692507	16.4728042054	0	263.4421625169	62.5334115133	0	47.6030477700	113.6759281273	118.7035408852	325.7051143802	632.4199891044	290.2142209752	0	11.5281277715	0	1235.7902267786	259.2642971916	360.4791490744	879.8014146380	4201.2835370008	207.5811000205	2020.5749104559	0	529.7699582483	47.8225937375
PWY-6386: UDP-N-acetylmuramoyl-pentapeptide biosynthesis II (lysine-containing)|g__Bacteroides.s__Bacteroides_dorei	87.6346395335	0	0	0	0	2.4591261478	7.4105064470	0	0	0	0	3.7404157817	0	2.8753358888	133.6637867770	542.1561832273	3.4926257119	0	0	0	575.0221043575	68.5911596617	17.4174384045	745.1424291824	11.7406880864	30.7911710737	22.5095118512	0	5.2735186327	0
PWY-6386: UDP-N-acetylmuramoyl-pentapeptide biosynthesis II (lysine-containing)|g__Bacteroides.s__Bacteroides_vulgatus	75.4006563092	48.4813936321	97.7942623895	8.5798789008	476.5658830900	81.3412450390	8.5745389647	0	234.9389731482	49.9398184287	0	40.4372949309	101.9499010590	101.6479641125	168.5630713448	58.8264303893	247.3380522087	0	10.1995759458	0	657.6132677474	177.0860566372	322.6881509061	76.4906021200	3500.2854309389	164.3025422860	1730.0647863358	0	463.5609937485	44.2557289228
PWY-6387: UDP-N-acetylmuramoyl-pentapeptide biosynthesis I (meso-diaminopimelate containing)	166.8844397364	54.2409533773	106.5080697321	10.4285156354	522.9156078193	96.7258166138	17.0173559248	0	268.5666584610	64.2636671922	0	48.0910070695	110.3699912383	118.2691695759	332.2025746873	636.0528468169	293.0169018971	0	11.4704057831	0	1241.3580307021	264.3538522569	359.2337668721	885.4564822972	4216.0309279199	211.2931293724	2029.8560329660	0	536.9505566300	46.5600140439
PWY-6387: UDP-N-acetylmuramoyl-pentapeptide biosynthesis I (meso-diaminopimelate containing)|g__Bacteroides.s__Bacteroides_dorei	86.9075881402	0	0	0	6.9812507079	2.3607045738	7.6163930982	0	7.3697513400	0	0	5.2688736708	0	2.8454046114	135.4781517160	565.5382089067	3.6903910047	0	0	0	573.2057250881	68.3079882761	17.7654424004	802.7677570339	103.7326406106	30.2042351250	43.3637368317	0	15.2030710603	0
PWY-6387: UDP-N-acetylmuramoyl-pentapeptide biosynthesis I (meso-diaminopimelate containing)|g__Bacteroides.s__Bacteroides_vulgatus	77.7663316192	50.8765004265	100.8712760236	9.5852205120	496.4363730496	92.4125655062	8.7068754904	0	253.0123174591	58.9051503317	0	41.5501843465	100.6464247724	112.7685927462	189.9949733804	56.9682766771	269.8321211062	0	10.4568425441	0	671.0168490340	193.0725028751	331.0329778269	69.7404638986	3976.8391417130	183.0043185901	1905.5708002490	0	499.1703735141	44.4026281813
PWY-6519: 8-amino-7-oxononanoate biosynthesis I	59.9228534102	0	0	0	254.3342884255	27.8887946575	0	0	173.9987013175	38.1395154533	0	23.1662132762	37.7062804454	0	0	90.3058078311	172.7329939900	0	0	0	517.8318107278	115.2964464227	200.1200236658	144.7597188795	287.4685886781	131.4667464503	0	0	230.0000543476	16.0432930610
PWY-6519: 8-amino-7-oxononanoate biosynthesis I|g__Bacteroides.s__Bacteroides_vulgatus	20.9670843282	0	0	0	246.1769372777	27.7229689819	0	0	161.1779892219	37.6060491326	0	22.8251592371	37.4401626025	0	0	55.3484542126	167.7520641493	0	0	0	437.0289821573	103.9721380895	188.3841577818	80.3545845646	281.1760862446	119.9739765252	0	0	206.1275314715	15.9588116607
PWY-6609: adenine and adenosine salvage III	198.0412363226	62.2624206905	109.9823453935	0	519.1601647846	98.6175826613	16.2214527951	8.2604884888	255.7603556771	53.9187578730	0	51.7961321558	115.6366102184	108.3182536661	332.2443529813	618.7517205965	293.7691192930	0	12.5351460429	0	1292.2017959204	294.5931783765	374.3440072611	928.7543498007	4198.9203464795	228.4347671604	2028.4358325378	0	513.4431753735	47.4113704327
PWY-6609: adenine and adenosine salvage III|g__Bacteroides.s__Bacteroides_dorei	108.2477483429	0	0	0	17.9540159541	0	4.6865846514	0	0	0	0	4.1391823697	4.0614164531	0	120.3149435068	491.9462821922	16.3576543403	0	0	0	558.0792045625	78.9865082930	42.9586472837	762.4381428472	63.6334001069	33.7425699276	28.7306788963	0	20.2889632560	0
PWY-6609: adenine and adenosine salvage III|g__Bacteroides.s__Bacteroides_vulgatus	89.7351810655	53.4904150908	94.6498938019	0	420.5391619279	81.2937177929	11.5030238890	6.8813978491	222.7132986919	48.4427952286	0	42.4505429094	101.0705403061	83.7028744134	204.7775222425	74.6950821757	241.5862410257	0	9.9430933150	0	708.7058813838	204.0626794794	292.3880945846	101.2825349172	3331.8136634752	176.2045293885	1617.6315940929	0	405.8850101324	37.4371531860
PWY-6700: queuosine biosynthesis I (de novo)	186.0775598172	65.3450959813	107.3015171905	16.3241668123	576.2406765234	119.3007975100	20.3039626844	0	309.9271843097	70.0147936946	0	70.1527828344	110.8086903227	124.8045570696	391.4685279595	649.7662136870	327.4904485067	0	13.4932130395	0	1435.9171858292	312.1428244690	369.5740985635	905.8491951208	4550.8506644562	240.6778193713	2289.2178271392	0	588.8503188826	63.9543136902
PWY-6700: queuosine biosynthesis I (de novo)|g__Bacteroides.s__Bacteroides_dorei	80.1670341416	13.1006315218	20.1173149790	0	77.0990533858	17.2824508676	14.0206028872	0	59.2249573796	9.7942697495	0	12.1438971916	21.6283265313	23.9094139321	124.1902362571	483.9638617610	52.5442087579	0	0	0	588.4570102519	88.0868672030	69.0324345058	695.3660831580	632.2512259040	60.0979443648	288.9312203330	0	85.1755707047	6.8736643766
PWY-6700: queuosine biosynthesis I (de novo)|g__Bacteroides.s__Bacteroides_vulgatus	104.7452617943	57.0883664320	90.8464686154	14.4041389924	518.8614491239	103.4691307914	6.4216794484	0	249.5584776005	63.4751632225	0	57.8049462581	95.1279351714	98.2553347257	266.5197357120	173.8250904290	266.3982030233	0	11.9296311219	0	947.5192811347	221.9738630805	302.7296160603	221.7220302431	3678.2891422661	180.2159974120	1887.3406000133	0	503.9128875097	53.7848873101
PWY-6703: preQ0 biosynthesis	178.0848263705	50.0875061685	103.8365875599	0	575.3438015090	96.6602234276	20.8618666757	0	266.4119368922	59.1059337769	0	42.9927102056	113.6441077470	113.9408914964	336.3684360461	615.8515170748	285.1767403945	0	7.1906076433	0	1217.0822302195	309.0997539325	353.8686845369	962.5663751525	4204.8281456819	235.5496921134	2021.0606919096	0	520.1009726960	47.6573399501
PWY-6703: preQ0 biosynthesis|g__Bacteroides.s__Bacteroides_dorei	101.4104167705	0	2.8773600008	0	9.4175471615	2.7304389155	10.2767935994	0	15.0726179325	2.9384598456	0	0	6.2417332056	0	124.6348806381	550.9861214525	5.3834973697	0	0	0	543.7252839915	70.1759228873	14.0456152650	856.0853717612	98.6110408828	28.0299898977	39.2712228955	0	42.6101706459	0
PWY-6703: preQ0 biosynthesis|g__Bacteroides.s__Bacteroides_vulgatus	75.4647661691	44.7463053425	98.7749579281	0	537.8757323010	91.1747133649	11.8309741838	0	255.5419013702	56.7161310729	0	41.2304050604	106.8158483607	106.5609798075	218.1560900232	49.4271161215	277.5724985083	0	7.0754826192	0	671.0133340088	237.9834783859	339.2912161510	75.7630451536	3933.8979426748	210.8686101390	1944.0049594283	0	503.2797926830	43.0585913228
PWY-6902: chitin degradation II (Vibrio)	62.9131993643	44.5141694123	63.3653516321	0	275.7514692661	61.8036048128	0	0	171.8968580545	38.7204739562	0	42.6943175225	93.0494992166	77.7374447038	168.6142213330	13.6836465684	252.2848899537	0	0	0	345.9121692499	220.0944939485	212.6369286628	16.6162083522	2435.3930090017	109.5656151862	920.5560707658	0	342.4415874426	27.5196811922
PWY-6902: chitin degradation II (Vibrio)|g__Bacteroides.s__Bacteroides_vulgatus	60.7045765294	44.4641826879	63.2890502068	0	274.9760821177	61.6830066579	0	0	171.3386527929	38.5675119689	0	42.4489754513	92.7103502535	77.4909576319	165.5440435719	13.3206509993	251.0677336356	0	0	0	339.3950242052	215.8184715209	211.9748416590	16.2154821849	2424.6218659134	108.7409757792	917.7573740159	0	341.5084156851	27.4344692631
PWY-7111: pyruvate fermentation to isobutanol (engineered)	32.4129626964	29.9116978361	0	0	0	0	0	0	0	0	0	0	0	0	160.0488265788	0	103.5934882465	0	0	0	0	0	0	0	0	0	0	0	0	0
PWY-7111: pyruvate fermentation to isobutanol (engineered)|g__Bacteroides.s__Bacteroides_vulgatus	28.5807803625	29.7032062143	0	0	0	0	0	0	0	0	0	0	0	0	128.9223724005	0	102.9711335527	0	0	0	0	0	0	0	0	0	0	0	0	0
PWY-7199: pyrimidine deoxyribonucleosides salvage	144.3810591689	56.2383566367	100.5966705600	0	598.5760034930	93.6743904420	21.3823512351	0	289.5618278688	69.2495997344	0	62.6393707019	120.0831211160	114.4264615052	351.4796632843	588.6708827267	322.8596733234	0	14.4447182358	0	1464.1425542586	290.1509623222	436.5715822836	890.1768569092	4214.9463397203	196.9967981829	2135.7310799080	0	537.9625538302	54.0718668435
PWY-7199: pyrimidine deoxyribonucleosides salvage|g__Bacteroides.s__Bacteroides_dorei	78.1611691914	0	0	0	0	0	4.8812438011	0	0	0	0	2.9698486579	0	0	101.9315063851	539.7675964697	0	0	0	0	567.9699909521	59.2100990440	0	827.8639001946	8.7720642863	11.3712761757	11.8285411628	0	0	0
PWY-7199: pyrimidine deoxyribonucleosides salvage|g__Bacteroides.s__Bacteroides_vulgatus	65.7358798704	37.3754851471	86.9022783777	0	596.7769870700	93.6743904420	8.8238977873	0	289.1459654128	68.9829312000	0	59.2455657390	119.5970748690	112.6151697245	231.9328973037	47.2466103973	322.2373914383	0	14.4447182358	0	862.7233606529	230.7196068058	425.7678575509	58.3387293347	4168.5662478228	184.1658091149	2122.5118513158	0	529.8799754597	54.0718668435
PWY-7220: adenosine deoxyribonucleotides de novo biosynthesis II	227.7730461411	80.6066676809	107.2853291418	16.9201464259	632.3240950212	133.9608754764	21.9391799244	0	351.4209168466	80.2171455312	0	51.8566256899	105.6580599717	138.7488485952	426.2988373816	755.6116955631	398.9897645547	0	23.2066787052	0	1544.8203341018	315.0809726751	496.4335274904	1195.8103375585	5592.1981520870	279.1370343243	3202.2642001512	0	665.3242572687	60.9432915139
PWY-7220: adenosine deoxyribonucleotides de novo biosynthesis II|g__Bacteroides.s__Bacteroides_dorei	118.8662304592	0	0	0	0	3.1469342026	4.4312719982	0	0	0	0	3.8144110014	0	0	144.8555521440	700.7027637416	10.2563361426	0	0	0	668.1526559105	83.9272729699	24.7758455273	1106.1636538501	280.0662700502	28.5359851377	192.5008965411	0	0	0
PWY-7220: adenosine deoxyribonucleotides de novo biosynthesis II|g__Bacteroides.s__Bacteroides_vulgatus	108.9049316479	79.9650068896	106.6058967123	16.6292779772	626.4570631821	130.7803982964	11.5602247772	0	345.9562306851	78.9663059201	0	47.9882236278	104.8484244904	136.9078522264	281.2842805004	50.4116387452	386.8904181346	0	22.8436291471	0	875.4148849932	231.1096908241	468.1864166796	78.8980660955	5299.6711734083	249.0500270052	3009.0294646662	0	655.5847342927	60.5476591494
PWY-7221: guanosine ribonucleotides de novo biosynthesis	207.7126476272	73.1682457066	130.1905583600	14.8561147689	591.7167766269	129.1223462583	17.6278403768	13.7831196821	319.9669616901	80.4693154004	0	63.2336280858	115.2870791467	127.2404731584	409.6007738787	751.0860370146	336.9533285178	0	19.7504364729	0	1414.5821916526	335.1753400474	435.9276366594	1106.5421679875	4978.7955815252	274.0578086412	2687.0026800856	0	646.8575986764	61.1106489392
PWY-7221: guanosine ribonucleotides de novo biosynthesis|g__Bacteroides.s__Bacteroides_dorei	108.8118911629	0	3.4302367748	1.1224993176	25.7538487130	6.2374013302	8.1694758788	0	13.0833910717	6.2977836718	0	4.2727827311	3.3826088316	1.3678616768	155.7820932668	680.5819766147	16.1992788948	0	0	0	664.6282265153	84.9615127545	38.9508252539	1005.2080562426	263.5001881854	46.2527409143	214.1824783977	0	39.8226619311	0
PWY-7221: guanosine ribonucleotides de novo biosynthesis|g__Bacteroides.s__Bacteroides_vulgatus	99.1968407359	72.4107376663	117.9306368560	13.3098074147	556.7600266713	120.2814979570	8.5471992582	13.0406814757	299.7482851756	73.7095152514	0	58.3319972008	111.3046698420	122.6240011097	254.4426055721	69.6081914368	317.6646765161	0	19.0148793110	0	781.5256833845	242.1197000651	400.5372590400	91.1555935876	4794.0639681705	226.6151308155	2455.0425122496	0	583.5153168366	59.3887690887
PWY-7222: guanosine deoxyribonucleotides de novo biosynthesis II	227.7730461411	80.6066676809	107.2853291418	16.9201464259	632.3240950212	133.9608754764	21.9391799244	0	351.4209168466	80.2171455312	0	51.8566256899	105.6580599717	138.7488485952	426.2988373816	755.6116955631	398.9897645547	0	23.2066787052	0	1544.8203341018	315.0809726751	496.4335274904	1195.8103375585	5592.1981520870	279.1370343243	3202.2642001512	0	665.3242572687	60.9432915139
PWY-7222: guanosine deoxyribonucleotides de novo biosynthesis II|g__Bacteroides.s__Bacteroides_dorei	118.8662304592	0	0	0	0	3.1469342026	4.4312719982	0	0	0	0	3.8144110014	0	0	144.8555521440	700.7027637416	10.2563361426	0	0	0	668.1526559105	83.9272729699	24.7758455273	1106.1636538501	280.0662700502	28.5359851377	192.5008965411	0	0	0
PWY-7222: guanosine deoxyribonucleotides de novo biosynthesis II|g__Bacteroides.s__Bacteroides_vulgatus	108.9049316479	79.9650068896	106.6058967123	16.6292779772	626.4570631821	130.7803982964	11.5602247772	0	345.9562306851	78.9663059201	0	47.9882236278	104.8484244904	136.9078522264	281.2842805004	50.4116387452	386.8904181346	0	22.8436291471	0	875.4148849932	231.1096908241	468.1864166796	78.8980660955	5299.6711734083	249.0500270052	3009.0294646662	0	655.5847342927	60.5476591494
PWY-7228: superpathway of guanosine nucleotides de novo biosynthesis I	222.5405661099	77.4237452860	120.4596554454	15.6432165676	623.2204291844	134.2987248427	19.2812401694	0	341.3457997322	81.3511968637	0	57.5618411124	113.7205221201	135.3701751977	425.1170952382	766.4880527363	366.9845872414	0	20.9204802060	0	1513.7351987252	330.6125641612	468.7651425790	1165.5377883542	5353.6180436547	280.9904905086	2916.0275671823	0	663.2060617587	61.3074993965
PWY-7228: superpathway of guanosine nucleotides de novo biosynthesis I|g__Bacteroides.s__Bacteroides_dorei	116.3042274371	0	0	0	0	4.3976868971	5.8443417666	0	0	0	0	4.2624259674	0	0	151.8109781751	703.5464558984	12.9492187010	0	0	0	681.9813828189	87.1193741401	30.8376117452	1069.7865839620	283.4738142238	35.7367777359	211.7158114255	0	0	0
PWY-7228: superpathway of guanosine nucleotides de novo biosynthesis I|g__Bacteroides.s__Bacteroides_vulgatus	106.3429836561	76.5636668241	115.9569054524	14.3563002994	601.5720438010	126.8519594190	9.5355432492	0	323.3530717527	77.4217504263	0	53.4272141670	111.1491748795	132.0377463395	272.2907660307	58.6820714536	348.1258424650	0	20.2231815997	0	840.3918530397	240.9359844233	432.8006933780	87.6858851677	5125.3483600603	242.2697615817	2685.7275856949	0	625.4879927437	60.4721931678
PWY-7229: superpathway of adenosine nucleotides de novo biosynthesis I	200.1483616312	59.5419416031	120.2149987830	15.5115799256	621.7559254928	100.5191090082	12.3530845105	0	341.4606501491	69.9775634264	0	50.1544001952	122.3993080198	130.9537453545	377.9302934800	724.5690330860	319.7472752178	0	12.7691339875	0	1458.5450152356	321.9097846672	384.5185630719	1073.2964507434	4917.0678594808	250.4877571920	2503.5395871663	0	605.3545657392	48.5119925709
PWY-7229: superpathway of adenosine nucleotides de novo biosynthesis I|g__Bacteroides.s__Bacteroides_dorei	114.3770261140	0	0	0	0	0	6.2271447937	0	0	0	0	5.0407627055	0	0	132.0013680733	659.3746356682	12.6838346000	0	0	0	707.3672274956	90.0718658746	25.0659395402	967.5576302630	92.3322911674	35.4826535075	40.4208293470	0	0	0
PWY-7229: superpathway of adenosine nucleotides de novo biosynthesis I|g__Bacteroides.s__Bacteroides_vulgatus	80.4772222841	57.6776136456	115.0731403526	13.8046256249	591.1737452699	97.7892979927	4.7116139746	0	312.7212274672	65.8029343418	0	44.3394450178	116.2625702829	129.2834357752	244.9985928438	61.4850508055	305.1766636228	0	12.5713435502	0	738.8581773409	226.2529481462	356.7137409707	94.7688986500	4509.7200608753	210.7646563754	2313.2549939603	0	551.7440144811	45.2917307053
PWY-7663: gondoate biosynthesis (anaerobic)	89.9610321204	24.6136640599	70.0070796849	11.3974492413	248.8554205955	51.2685380550	0	0	200.5384239232	50.6931853343	0	22.2141952793	66.5284239859	95.3212966975	102.8486195767	462.1252215378	188.8059148577	0	0	0	842.4861738410	128.5669797783	248.1245799559	592.6103196964	2006.3413418208	128.9043780269	964.0090495432	0	304.9009657028	24.7645626020
PWY-7663: gondoate biosynthesis (anaerobic)|g__Bacteroides.s__Bacteroides_dorei	67.4215365128	0	0	0	14.6686964592	0	0	0	13.7779915062	0	0	0	0	0	0	0	0	0	0	0	36.7982231607	9.3471715355	11.4180156261	0	3.4689586640	11.1864218080	0	0	22.4610085399	0
PWY-7663: gondoate biosynthesis (anaerobic)|g__Bacteroides.s__Bacteroides_vulgatus	39.6940603960	24.5786156718	68.8827359233	9.7254547612	236.1422985155	50.7635246732	0	0	194.0076954688	49.7566404618	0	21.8499493876	65.6544781953	93.1263163855	95.9537047549	66.1608896497	184.0182915312	0	0	0	646.9942936887	112.6643637769	240.9619105087	92.7137650995	1970.9268597287	123.0840889806	942.2848947793	0	294.3483170492	24.5783052606
PWY-7664: oleate biosynthesis IV (anaerobic)	57.5348808884	0	0	0	242.0747910291	26.6830585487	0	0	169.8915492364	36.4003430106	0	21.9063661847	36.2530914726	0	0	87.0166588296	167.4859752771	0	0	0	501.5976648560	109.1927397196	196.5827330080	139.2353422471	274.4508295592	126.7894849024	0	0	220.5265970432	15.3902370022
PWY-7664: oleate biosynthesis IV (anaerobic)|g__Bacteroides.s__Bacteroides_vulgatus	19.8668022525	0	0	0	234.0678652302	26.5487719263	0	0	156.5138871420	35.8674263585	0	21.5170596011	36.0035440004	0	0	51.3779130552	163.4506432220	0	0	0	427.9202905539	99.0647193923	185.5463891298	76.6211892625	268.5170282441	116.9794197868	0	0	196.8668978822	15.3212649176
PWY-7790: UMP biosynthesis II	174.8274992165	59.2756578332	107.8188416244	0	560.8802498877	84.4272758546	11.1248499534	0	319.5848891474	72.8497325341	0	46.9102096618	96.5057113047	109.2649213602	327.9743264618	692.1822170965	259.5290366456	0	10.8699885496	0	1289.6720224727	273.0547198998	362.1485168717	949.8372019713	4373.5152528724	211.4640063957	2330.4492042571	0	578.3268044352	45.3149018312
PWY-7790: UMP biosynthesis II|g__Bacteroides.s__Bacteroides_dorei	87.4068065455	0	0	0	8.4449465391	0	4.4337590884	0	0	0	0	4.0975037862	0	0	124.6049089024	623.8264553154	4.1225569543	0	0	0	602.3578042255	74.8478676369	18.5832449933	841.6285812199	46.9543477126	28.6890917576	30.1259363673	0	6.7102729348	0
PWY-7790: UMP biosynthesis II|g__Bacteroides.s__Bacteroides_vulgatus	85.0485693217	55.7692296028	101.6277402455	0	531.1886173823	78.2235636515	6.4040425575	0	270.2078674147	68.5829616486	0	42.6703272408	94.5470643831	107.2582307764	198.8052498004	55.8046482032	242.7115405314	0	10.6235196991	0	684.2073489900	194.5322997824	336.4470464942	88.2684390608	3922.7032745971	172.1429011490	2093.1920384820	0	524.2619130411	41.7145134763
PWY-7791: UMP biosynthesis III	179.0159776306	59.2756578332	107.8188416244	0	560.8802498877	91.4108523049	16.0805798358	0	319.5848891474	72.8497325341	0	54.7079828824	99.5579819438	109.2649213602	327.9743264618	692.1822170965	265.6779926910	0	10.8699885496	0	1289.6720224727	287.5320014491	362.1485168717	949.8372019713	4373.5152528724	211.4640063957	2330.4492042571	0	578.3268044352	45.3149018312
PWY-7791: UMP biosynthesis III|g__Bacteroides.s__Bacteroides_dorei	95.4521012862	0	2.9627626268	0	21.9886485116	0	6.7489819946	0	22.9356783256	2.9750479563	0	4.2380325418	2.4569057609	2.1135197888	124.6049089024	623.8264553154	18.5897674340	0	0	0	602.3578042255	74.8478676369	18.5832449933	841.6285812199	253.2558143072	29.9393278692	122.4301215096	0	20.6984576039	0
PWY-7791: UMP biosynthesis III|g__Bacteroides.s__Bacteroides_vulgatus	85.0485693217	55.7692296028	101.6277402455	0	532.9115205456	87.3807123585	6.4040425575	0	270.2078674147	68.5829616486	0	50.1182270322	95.9805201365	107.2582307764	198.8052498004	55.8046482032	247.7707744082	0	10.6235196991	0	684.2073489900	218.3170004749	336.4470464942	88.2684390608	3922.7032745971	172.1429011490	2093.1920384820	0	524.2619130411	41.7145134763
PWY-7851: coenzyme A biosynthesis II (eukaryotic)	159.4343307939	43.5830011135	93.4974498992	8.9067728172	493.3257345802	70.2788447144	15.1245505370	0	249.2335189150	40.2370718924	0	42.6733107995	92.2742565695	115.2305809648	284.7505752927	507.6965555819	244.1260212659	0	10.9115384144	0	1156.6503334733	254.8403996365	306.7068920907	727.7566147905	3691.8396326758	202.6957115936	1864.6918898097	0	461.8223053803	39.1473096498
PWY-7851: coenzyme A biosynthesis II (eukaryotic)|g__Bacteroides.s__Bacteroides_dorei	86.6760277873	0	0	0	0	0	6.4529309133	0	0	0	0	4.3722673329	0	0	108.4701072299	454.5812214775	0	0	0	0	538.3817568405	75.6848742629	6.0673201710	618.7419242051	0	18.8400927405	28.1778019440	0	0	0
PWY-7851: coenzyme A biosynthesis II (eukaryotic)|g__Bacteroides.s__Bacteroides_vulgatus	69.8003987594	34.5163434788	84.4244912686	8.3644068464	398.9966440170	53.3409212402	7.9376503777	0	196.8119896586	35.6866830936	0	32.3909501927	81.4080430016	97.3872123081	163.0736267300	46.5693704284	191.4621339326	0	6.4625360637	0	574.0314452521	168.1193485664	258.9523997222	70.0900742560	3032.8583326662	162.2263166016	1527.8256420462	0	392.2727998436	35.8574890648
PWY-7953: UDP-N-acetylmuramoyl-pentapeptide biosynthesis III (meso-diaminopimelate containing)	166.7904098615	52.1912745693	106.1915074541	8.8183343467	514.0864811723	94.7215111961	15.1202931315	0	255.9186061466	63.9722603780	0	47.2623882379	102.1955796660	114.2905853728	313.4072931959	613.1057856738	279.9555375532	0	10.1949686059	0	1216.3966405778	255.0308217839	349.0619132261	869.4569777625	4146.3613527206	203.8231611633	1975.9679138699	0	516.9414384797	43.1320134952
PWY-7953: UDP-N-acetylmuramoyl-pentapeptide biosynthesis III (meso-diaminopimelate containing)|g__Bacteroides.s__Bacteroides_dorei	87.8895156480	0	0	0	0	2.6516971717	7.2662055467	0	8.4569720862	0	0	5.3183697463	0	3.1838785187	124.2885278787	520.8867259614	3.4395623341	0	0	0	567.7748671777	64.4977980191	16.4465404544	722.2631424974	104.3706995655	30.0788191159	42.0323721586	0	16.1494636435	0
PWY-7953: UDP-N-acetylmuramoyl-pentapeptide biosynthesis III (meso-diaminopimelate containing)|g__Bacteroides.s__Bacteroides_vulgatus	76.6798239347	45.4991061284	96.0593657737	7.8863578700	455.3766467630	76.1822841465	7.5788724713	0	224.4568596564	48.4095552480	0	39.9216985216	94.2304391348	95.1619284066	156.7170131060	60.7274171819	231.8090328332	0	9.2158245334	0	641.3633885796	171.3557824981	310.9813601684	64.0439637643	3321.5720809900	156.5028501186	1649.6261267044	0	442.1501490512	40.0657835521
PWY-7977: L-methionine biosynthesis IV	171.7047929978	51.9956381271	98.2485599277	9.9237931650	532.3652922721	93.9830392184	15.6464979440	7.2507878873	320.2157848801	69.3520297795	0	44.3411330180	111.2385044041	110.2036989916	349.8783963759	659.5423336055	267.2774956074	0	10.0873108287	0	1228.5121021579	275.0251387596	330.9497676759	967.3426456057	4375.8647701178	224.5170201183	2362.1149815980	0	567.9231065581	44.2863044444
PWY-7977: L-methionine biosynthesis IV|g__Bacteroides.s__Bacteroides_dorei	94.1320189751	8.5819686491	10.3380076495	3.1478592362	57.6419877169	8.2987708986	9.8387459793	0.8233369439	23.1230806164	5.4226735658	0	2.5315488332	9.6618464216	12.7750690225	127.6955989346	566.3529124786	12.7673199398	0	0.7458512027	0	577.8124521733	87.6403390264	44.3323578307	794.3286269698	169.8686992219	45.9013710037	329.2292659452	0	64.3028007343	5.4393859120
PWY-7977: L-methionine biosynthesis IV|g__Bacteroides.s__Bacteroides_vulgatus	76.7598202713	42.6852321492	86.4499461890	6.4786865575	467.6779082035	78.3903272681	4.8490522825	6.3109585691	230.8641770480	61.0615404045	0	39.4063549857	98.4680213094	95.6146601883	222.1521750521	80.9254345178	232.7157134616	0	8.9267278144	0	649.7480758351	186.1849712367	283.3049004532	126.5886427163	3545.3536630177	176.7801635850	1867.5387705832	0	442.5541027778	38.7574806646
PWY0-1319: CDP-diacylglycerol biosynthesis II	205.6122156802	77.3526661892	92.8725374247	12.2109047841	538.3410923773	100.4263589813	14.4359644998	13.5047508280	283.7771260734	87.1278834099	0	54.8176608080	128.6319297789	144.5606351579	369.8551399777	525.2869998733	311.9247025871	0	0	0	1212.3421921270	323.7784724583	308.7393000168	823.6692788110	4257.4658464219	212.3304568784	2045.0215614700	0	611.8619379921	54.6696986416
PWY0-1319: CDP-diacylglycerol biosynthesis II|g__Bacteroides.s__Bacteroides_dorei	74.4523504421	0	0	0	2.3827375167	0	0	0	0	0	0	2.0510364567	0	0	102.8494168146	456.1546060400	0	0	0	0	483.9589757135	54.3009521917	11.3458963220	753.1295386658	2.7067723436	23.4388669923	8.1424760131	0	0	0
PWY0-1319: CDP-diacylglycerol biosynthesis II|g__Bacteroides.s__Bacteroides_vulgatus	105.4565263012	77.3500393516	92.6534575167	12.2109047841	533.9451766669	100.4263589813	8.7026624647	12.7219623330	274.6933587238	87.1253900272	0	51.8573991423	128.0963037254	144.5556879975	253.3933667557	53.6185288557	310.8489786123	0	0	0	717.3352069292	246.2213498296	293.8711228959	66.2763403462	4113.4932098475	186.9025424179	1987.1603278274	0	600.8928527615	54.6696986416
PWY0-1586: peptidoglycan maturation (meso-diaminopimelate containing)	156.5382559618	44.1240348837	101.6301300498	10.1932903392	468.5726376368	90.9007083270	0	0	224.6641707847	60.2404101267	0	56.6736327071	80.7052693129	89.7123014704	287.7630596252	563.7926944638	283.5550393543	0	13.5783483360	0	1135.8507676478	255.3418749204	279.7511886040	789.6616600494	3790.6403932053	208.1633207155	1847.3026689009	0	470.2874793561	24.0774038170
PWY0-1586: peptidoglycan maturation (meso-diaminopimelate containing)|g__Bacteroides.s__Bacteroides_dorei	83.2767018703	0	2.8214159172	0	50.6136530800	7.0151645099	0	0	10.9741382391	4.3848170857	0	6.5403866295	2.7620476917	0	114.2741511117	519.7860870696	21.6774307037	0	0	0	556.1726931988	77.9757782841	33.4478908237	735.8918318622	304.3744638133	36.7222412047	127.1775800379	0	46.4672127907	3.3057933935
PWY0-1586: peptidoglycan maturation (meso-diaminopimelate containing)|g__Bacteroides.s__Bacteroides_vulgatus	71.6643464696	37.7552008653	95.7360524910	9.6230183934	412.7598250007	83.7050093643	0	0	208.6192856547	53.7447927385	0	48.6598601627	77.3446880478	85.5798604529	172.7219377671	42.9385499870	261.0839082620	0	13.5783483360	0	572.0557869084	176.1031350883	243.4361728586	53.4271509627	3468.6535585356	162.1034608590	1720.1248151031	0	423.5877805391	19.6321108976
PWY0-862: (5Z)-dodecenoate biosynthesis I	54.0400926010	0	0	0	239.9967328660	24.6145901807	0	0	164.5999133489	34.4394049831	0	21.7714335447	33.7069096543	0	0	76.6095972050	163.5360748974	0	0	0	467.8855830680	105.4734615232	188.4642347442	123.4087652807	239.7075354171	125.8154303516	0	0	209.7728894987	14.4228593005
PWY0-862: (5Z)-dodecenoate biosynthesis I|g__Bacteroides.s__Bacteroides_vulgatus	18.2570905462	0	0	0	232.7381869786	24.5038589493	0	0	150.2902166686	33.9053616214	0	21.3409292792	33.5043885504	0	0	45.7414179415	159.3606587323	0	0	0	399.8557601532	95.7454655763	177.0740258427	69.7898450116	234.4555219593	115.2033320216	0	0	185.2810409164	14.3659826657
PWY66-429: fatty acid biosynthesis initiation (mitochondria)	272.9161820710	86.3424326124	142.7864016281	18.5790111864	727.4813573347	135.1564072458	0	0	415.6671733906	83.1138078550	0	90.1765564889	144.9110815179	148.0645669450	486.9749761115	845.9700909086	414.2876030988	0	19.0535211237	0	1838.6091663703	405.2257591429	462.1370387613	1238.8212259642	6140.0168822251	315.1169913037	2903.4957907586	0	763.9644910185	63.6201010691
PWY66-429: fatty acid biosynthesis initiation (mitochondria)|g__Bacteroides.s__Bacteroides_dorei	151.4379023133	11.1697929557	11.9882850169	4.8746402973	29.8695862541	11.1009037030	0	0	77.7388728448	6.2863113172	0	6.2473953398	8.8652061574	3.2143334225	189.7713559413	722.5818449186	31.6476901297	0	2.7520750136	0	818.6402132810	112.5290199733	52.8542622607	1069.6964908878	138.3249640902	46.0450625475	47.8313278143	0	76.9739019111	0
PWY66-429: fatty acid biosynthesis initiation (mitochondria)|g__Bacteroides.s__Bacteroides_vulgatus	120.2831621515	73.8616261946	126.0361312663	10.2387979115	668.0613420002	121.4870464081	0	0	334.6605324495	73.8723309485	0	78.0904809006	130.9561162583	135.8963336049	295.7952455897	105.9061140039	369.8659295750	0	15.7503195478	0	1004.9820365460	287.4902969918	398.2857646684	138.3582498627	5403.0983082395	256.9232748981	2547.9596911460	0	668.3554325658	58.5695731890
PYRIDNUCSYN-PWY: NAD de novo biosynthesis I (from aspartate)	171.5786816930	54.0925013136	102.8155355150	10.8784339256	536.3697274376	91.2961285220	10.8491779134	9.5144898162	294.9592081783	53.2309999535	0	52.5677374565	118.4353972435	106.8546078087	313.1190886184	592.3155607632	295.3054943748	0	10.8049179083	0	1235.4744794425	283.4219891083	348.7518378301	913.3843699842	4488.5234513208	239.6938512856	2130.5444234468	0	524.8212711389	46.7229751846
PYRIDNUCSYN-PWY: NAD de novo biosynthesis I (from aspartate)|g__Bacteroides.s__Bacteroides_dorei	91.2071877457	0	0	0	0	0	4.9645314709	0	5.4367041390	0	0	0	0	0	109.4454911551	522.0565928031	0	0	0	0	539.4686660521	76.1180858878	0	803.3966886557	36.5414289384	31.6079736725	40.0978994804	0	0	0
PYRIDNUCSYN-PWY: NAD de novo biosynthesis I (from aspartate)|g__Bacteroides.s__Bacteroides_vulgatus	77.2869709966	50.5693660653	98.8943870831	9.6388522866	513.3781577979	88.8756403839	5.1405512083	8.3563752466	269.6258644705	51.2174108861	0	46.6536657772	112.2741490706	103.7441392124	200.2754559992	47.5784314702	277.0649143438	0	10.2842228042	0	693.7380696825	202.7653555790	328.5998001179	79.1334265525	4198.2327594119	205.1182241482	2005.6797818361	0	496.5507584424	44.0448888048
RHAMCAT-PWY: L-rhamnose degradation I	199.4691541315	47.4688292211	109.6207227736	13.1215074443	580.0610126647	71.1316074178	12.2955003109	13.4399905824	282.5516557569	62.1826685830	0	56.2615966499	80.7439142730	121.7888831468	328.0523149421	583.5652167638	300.2296340890	0	13.2503710094	0	1276.0307266049	212.3985988946	368.3482201427	856.1364992490	4100.0254502601	225.0666341796	1974.6240587892	0	479.6887549790	51.1337592998
RHAMCAT-PWY: L-rhamnose degradation I|g__Bacteroides.s__Bacteroides_dorei	98.8566858534	0	0	0	5.6324110184	0	0	0	7.5702306443	0	0	2.6001739128	0	0	104.0394169171	543.5087070318	6.1243308401	0	0	0	553.1352739315	49.7122209612	19.0082980884	809.0660119294	52.4290525561	24.2028597673	21.3164989458	0	4.6601000822	0
RHAMCAT-PWY: L-rhamnose degradation I|g__Bacteroides.s__Bacteroides_vulgatus	100.3378523866	46.8496309415	104.3994747767	12.5406407098	548.5197388079	70.8478337522	6.0970058558	11.2930153516	267.3579926874	59.2639346477	0	53.4147154261	79.7664786704	121.5463051612	220.7824851107	39.9416170433	286.4040210449	0	13.2503710094	0	717.3154224910	161.7312728999	346.5783244997	41.5413972764	4043.7063968533	200.2318020644	1938.6505696783	0	467.3898659383	48.4822099455
RIBOSYN2-PWY: flavin biosynthesis I (bacteria and plants)	164.3395725069	55.2749204214	100.6250118469	11.3308271874	491.3155592713	75.1899321099	10.8924970725	0	254.1305108006	63.9710042917	0	32.5365376859	80.3455618013	123.1686254938	326.8692833576	603.3404239740	294.7499018402	0	0	0	1141.5561992248	274.3743832410	322.6625617108	838.6767476094	3902.5384133011	217.0802259093	1957.8528823904	0	490.6898049617	37.2773832660
RIBOSYN2-PWY: flavin biosynthesis I (bacteria and plants)|g__Bacteroides.s__Bacteroides_dorei	81.3531333989	0	0	0	0	0	0	0	0	0	0	0	0	0	105.2932532468	565.1724389035	0	0	0	0	533.0308042872	69.1724938378	18.0476888105	782.9836485426	0	19.3144440521	12.7077087178	0	0	0
RIBOSYN2-PWY: flavin biosynthesis I (bacteria and plants)|g__Bacteroides.s__Bacteroides_vulgatus	81.0574534619	52.7049559791	98.7181794932	10.5949789422	487.4225383310	74.8887887888	7.6412648452	0	248.0958314302	62.6365167243	0	31.6699793412	74.4941994289	122.5783462075	221.3379714797	36.6850682775	287.1388625435	0	0	0	602.4864826950	201.7348913520	303.5633767515	49.0435692622	3819.8021246324	195.3868114732	1932.8775790877	0	481.6914981812	36.0041915059
SER-GLYSYN-PWY: superpathway of L-serine and glycine biosynthesis I	136.7224862578	49.3609565722	85.7755909164	7.5953193289	426.0750440186	76.2999659870	13.3472079807	0	221.4058424250	60.7738138044	0	32.4883684513	75.4620419493	89.1126630369	277.0381890643	494.0519246764	210.5571855772	0	9.8072908561	0	994.1465777230	190.2244271632	256.3096677572	745.0770345149	3322.7183668657	190.8074852928	1644.3630954274	0	409.5662221747	34.5153472722
SER-GLYSYN-PWY: superpathway of L-serine and glycine biosynthesis I|g__Bacteroides.s__Bacteroides_dorei	71.8381137694	1.1429661134	1.1700690330	0	10.3659517622	0	6.1421744054	0	9.7564396314	0	0	2.1511395157	0	1.5144681942	93.8480810377	440.1719826085	9.3420870547	0	0	0	449.1751954112	46.8637372308	17.4670344548	670.7915977601	85.9148215300	33.7329834164	56.0337100369	0	18.0774594697	0
SER-GLYSYN-PWY: superpathway of L-serine and glycine biosynthesis I|g__Bacteroides.s__Bacteroides_vulgatus	64.0788360722	47.5778488979	82.6585771964	6.3926853827	408.5884379246	73.5625334484	6.9479907958	0	208.0593075842	59.2356942732	0	29.2938305898	73.0535745885	84.6107892124	177.1228251816	47.8121000239	200.0265548012	0	8.9914746226	0	540.3260111203	142.9587525343	238.5972386001	57.6499925436	3110.4584608014	154.6958654355	1539.6661402906	0	376.9237944626	32.8658481797
THRESYN-PWY: superpathway of L-threonine biosynthesis	176.0181027311	54.2705303344	98.6214674380	9.8895075091	546.9389271769	98.4181824842	15.4524412559	9.8383191410	308.6163857658	65.3285349817	0	47.3369720380	109.0400854269	119.3035917384	350.3594143281	624.6871231654	279.0593880979	0	11.5958935919	0	1257.2237251315	269.8362217378	347.0840475545	916.0044100873	4444.6557448130	227.4988736949	2253.1250960008	0	567.2542023843	47.0367400809
THRESYN-PWY: superpathway of L-threonine biosynthesis|g__Bacteroides.s__Bacteroides_dorei	93.3824715933	3.0700805185	3.4002649804	1.2888239350	18.4384010797	3.2591179263	7.6591233055	0.8157673283	21.7818241203	3.7836802672	0	2.9023811514	5.0399148483	6.6192313252	129.5207455729	524.2703442249	20.1074179053	0	0	0	582.7346964454	75.4786517113	29.5423092966	740.6596623124	313.1603787147	42.0767879188	136.0010259815	0	22.6945385018	2.7963089661
THRESYN-PWY: superpathway of L-threonine biosynthesis|g__Bacteroides.s__Bacteroides_vulgatus	81.2620069080	44.5948724851	87.0992678573	7.1561551130	480.0640711697	83.2398549883	5.0318537463	8.2239873676	240.6247275993	57.1370425269	0	40.7962615390	96.6353190621	104.2749042487	216.5607661391	72.2406290679	239.0239908340	0	10.0943787864	0	657.8859047566	178.3413402807	294.0007987177	118.4358063453	3589.2144300420	170.5063446794	1864.5072863374	0	457.2639986694	40.0342775220
TRNA-CHARGING-PWY: tRNA charging	176.1155867829	56.8568047212	105.8259341596	0	543.8652561792	97.0645205891	12.7149835958	0	303.5100582952	67.8882752741	0	49.0679590079	101.8417456627	120.6252254869	367.8388582059	624.8215071156	288.4795253332	0	11.0972285716	0	1277.9598105370	269.1108139411	358.2525326850	943.9685949822	4510.4269323063	228.9169676431	2239.4060789592	0	566.0399609758	43.8645340382
TRNA-CHARGING-PWY: tRNA charging|g__Bacteroides.s__Bacteroides_dorei	89.7151870524	0	0	0	0	0	0	0	19.5673521313	0	0	3.6970858496	0	0	127.4822294566	526.4367402574	0	0	0	0	491.1590759827	66.5392227617	15.6596996117	783.6530277837	151.2766859233	29.1382925751	93.5756716842	0	25.6259445869	0
TRNA-CHARGING-PWY: tRNA charging|g__Bacteroides.s__Bacteroides_vulgatus	76.5235283174	46.6474297450	80.5438718388	0	435.9069900030	78.6576916637	0	0	234.5649132703	51.7707775261	0	37.9681541077	89.4882634568	99.7379022097	219.4209134441	77.3631030114	235.4639867632	0	0	0	646.9028765522	177.2815345886	283.6696581830	117.4231196612	3477.9492800471	168.2557482792	1704.6869744794	0	437.5164338602	35.1919298894
VALSYN-PWY: L-valine biosynthesis	157.5191028076	46.8742553801	82.5310428995	8.8407973719	490.5498910283	86.5383801047	0	0	266.2928111709	57.4246226024	0	42.9274625780	88.5456981485	96.3701835733	296.3115507218	609.5367388322	240.7032513652	0	0	0	1178.0372221180	233.9999013260	289.8029131094	902.0094292170	3890.4165875327	204.2888852088	1925.3238334062	0	474.0531190691	37.8586550691
VALSYN-PWY: L-valine biosynthesis|g__Bacteroides.s__Bacteroides_dorei	85.6421919312	0	0.7732561988	0	4.3740733669	0	0	0	6.4190649954	0	0	2.5224860311	0	0	113.2167162028	559.6096487336	2.9929566880	0	0	0	578.2518847350	61.8983513430	14.8497720811	831.1173670372	35.9684319715	24.9654328651	34.0638787750	0	7.8256840256	0
VALSYN-PWY: L-valine biosynthesis|g__Bacteroides.s__Bacteroides_vulgatus	71.7449256914	46.2384966787	80.9504340011	7.4146869381	482.9472000852	84.8842991208	0	0	255.5719701005	56.7731792153	0	40.0463945503	87.8663141236	95.4654536738	171.3959187024	45.9245166840	235.9928260072	0	0	0	588.1983937183	170.4868310907	274.6515889275	65.0117290368	3809.6780573026	175.7761490031	1878.6362232382	0	457.2718177493	37.5415766561
